ySsSdFdLA61HYZBqtCPliQ,
Ft6lk9qkkUG8Yw-tiKIuAQ,
eZJYKPp3usUcRb_kCZ6LyA,
i_UDehu1AO1iJD2W1g3UZQ,
W8pphwvHj32WzyRvM8gEWg,
JF2-kfJbEaRCdJ8KFqwe4Q,
A25z_Dy--44ZryA_gCPllA,
gA44hmHmnWeFzo9WHodXXA,
NraWSD2KR4QBOp-rAdycmQ,
Cl6GePlX5CQGou2EVafcfA,
fPFjGVlUTrPxXnd1ifs-ow,
f3U9QyKXfmbs0KCbpbSDYA,
gwH69yoV73E4uLg0sVyXQg,
HYaEFF7ig4OMBn28b-ewpA,
ntF05CDC91uMxFZWcbugYQ,
E2q9154qXAoD8t_XhJcpvw,
Kr1hiIq6D8Kgq0ohe0mOTQ,
AymV3GvAxpm4skE5SsbmGw,
-PrxYH77BraVhM2ITPqL-Q,
CB41cubYKqcpAayFjcHd5Q,
49613THzCPcJaL53zesLdQ,
ZiBZNqfUj-ADMqVFc8_c8A,
YdFys2Bzs-akEAtWhH6yGw,
RsVT1jh4XcylRgOpjlGiFQ,
N3KTsRmR-1FauSzltHf8QA,
smA7ioUsLG-m4L76QgZaYA,
84njpyz70_5epxx4Ns6IPg,
iL6l7jb_oEs_sfTCxBAmjQ,
6G2x_qjh_r1FyQ4VdHTMog,
WoqQwoksMXoTXhoWRroxHQ,
VUCHdf-i8fes4ZO-N-vDpw,
6SCHp3yZ5ScTqt5moylddA,
sblYPPVrDtciSexyKxySJQ,
tWjHELZNpRqQw4k2EmxKxA,"
                

    Elite 2011

                

    ’10

        "
GHgnqsbrRje3zCXQlQKifQ,
HUWPfofYNyttE2NqxAxJlQ,"
                

    Elite 2019

                

    ’18

                

    ’17

                

    ’16

                

    ’15

                

    ’14

                

    ’13

                

    ’12

        "
rjpQ_pUf5RGc4roQ8liwmA,
DtOLPInbvMKZ_q6IoiDfMA,
Fefuu23UvmTpsZJKHAEDMw,
ciFCfEEufuMLZSx8JUycLw,
2m2jomxmacr2NVD0axMjqA,
T4bSKP2UTtBkbT_G-fAJYg,
Q1MOxsxgrlm9m2Rfqg4L4g,
kH-lz2SKD1VprBr8E9NOog,
yhgzpu-qxgoN_0CH9CqmVQ,
hXSqGFFkB8queOEaZFXrrg,
1iRkPdj50uFoGR0p_xoQbA,
HfJ0OlxIi6cNmGYDFG308g,
4vtMrTAWzECDFzjDQ84SPw,
5hVEkcYwzzi901X90GAL7A,"
                

    Elite 2016

                

    ’15

                

    ’14

                

    ’13

        "
JJof0jwgTOyN_sq9A0wU4w,
plnzonHcU4GIf6EoJwsTdA,
iDfQikdiXnhu03VBFM4rqg,
E6SrfkyK2IrNCxCKEPauKQ,
SMrPV2QtoOAf_CuV9-6lIQ,
8mExp-AgWzQS5w0e0zOnmQ,
rmB9lD05FW_iggtmFVBakA,
W-sAWjYirnTeL73uQGIXoQ,
tpauUlEJiZls80FRvVMC-w,
9s-amJ_Ft-i5yG4zWhh2UQ,
7vqUo_2pkwPjnJEPf5hmnQ,
yoLIq93P0RrmbF4ZmAcrTg,
QLeTVB0XIP_1UAjE7ju6cg,
k_r7uw_26wIaZ_ecOSQseQ,
BfH9dlRGJZ6_XwptGdg1-A,
76L_wrmZzqRTjYbjXFZ37Q,
av0HdKRzPs4RU_2xuHG3Zw,
h40dAdCqRbrikql9DW8ZgQ,
SbVHhaip4swHrWBsowJ3Vg,
JhundhAIooIeW6SquBkysw,
QYzWhOoDBfJ4fUveE9b7Yg,
926_2Glx7G4RbKNirceEXA,
3bXvJfd-B4S-wNU71sb_VQ,
VvlVBQ8g6FDaTRht0uSr3w,
0KIkHaG5v6Y2C7DR6IZzzw,
qfJNqRdnr9Q295ihU-c7LA,
-x5EfjCVUxGX1NGbDabglw,
y_wbxwhtBWbE7jrK3boM_Q,
6czY8GXNJqDsefx8h9SLCQ,
tlK_2GmjY9dwt92L-Yl0Jg,
kJAwRkzxH6pXQ3QcKLuH8Q,
GtQ0uziYQbH6209le9N3TA,
FMCY7zD_JpHf3vAfqsrupw,
YocHvmwQloC11PicSZ-rtg,
E-6vKAB_AqAgqsxs2Sz57w,
CD0py6A0OL__oh8XYCBpWg,
V45Xtt3rWIxgXhoiTaqEkg,
8zwWahOrRs5uusxn8w67kA,
As9iiOTedbbigoReX-SV9A,
AH5akBfdR5c4CezqqYxWLw,
HEtghk_Ju5jXJ5IjPxbpVg,
Aq41rLlgJsKBIdB7g9DmJA,
Jc4CsrJvYTpFVDZBoLDS5Q,
Q60v9_oJBdMthvudHo-leA,
qd-c3t34yfXFF5N7tuwJJw,
N4mhChvmWgGWNfOq9-teAA,
uRBFYRvBKalizxq3prMwbw,
wGEjZwrS9GMQl-UIAWvDsg,
2DdKpZHNbiFVjnUpV7SRqw,
fUTIN1u6cg66IK7adPV20A,
IMp7T7aKgvRiLhvMzHfo5w,
2gS4oT_LaPf1lDoArVOdYg,
Kg229JcdFWHEFiqFXBDZ2Q,
4Aa3LVsW3sxm0vo16Icteg,
4zTjFtUaWL7w3WqMgTfnpg,
YpKRCCe5saWc9A8Qq-i2hg,
7VUdJgMZasrPgK7jgLRzJQ,
jdMNwreNMrlq7AHUYHfQNA,
ME6fUMguDD3WjlFJEnpexg,
gvh8bvei5vwfoIYbNIvNDQ,
nqzibvdY5YWhh6VFizSFlw,
EhHkkEEZxNDg9mt9em6Vmw,
MiowMcLJS6sxgGgB89tl8g,
Zf3756Y-L6t9a1evMJ_13Q,
a0iaX2iIk454iXyQjMxCkQ,
qL4D0bCelnmHBmf_2GtrNQ,
PSYAYPERvTKIngvkwD2W6g,
JIKydNi-arWp7O4IwPgZ3Q,
VTRl0sF1wHbaJd0PpYld_Q,
ipBSFAbYPTaIJ0v66_Q19g,
MRCpvAfrg6yNnSgBzmhXdA,
EsUTWmCVvUVirM9-DYxw2w,
oRdkUI-_J-XXqDI9nY5wug,
YZnkN61KFNeLvNamguJrkQ,
zueQEZRhIlJattFjrIAytg,
GwkmJkpI0eq03f7-D3NLag,
VsQ6_-IU9zE20_p3hn0ssg,
QebCWk1dVn0HgN5nUwyw0Q,
YX58qnh-3G46d8vQiQzDeg,
_7Pth-Bk0Rrc_TKg1bEFFA,
vJcJk7n7LSS7-72Lz_YuNA,
fgldd9qA-Gl-cMa-861rEw,
Oi26QGnPAEWdTUtilyOkwg,
JYhxEhYVOT4Jw-uk64xCCA,
DwN8zDtk13aTGit6-q33tw,
8OmIJwpH1nzQWD2RAjGK-g,
ggH9K6pww-3anPqjNW4Udg,
Et92d2VL5LZ3f69ylRO5bQ,
1kpMAKRZuAz3OzxBav3XTg,"
                

    Elite 2010

                

    ’09

                

    ’08

                

    ’07

                

    ’06

                

    ’05

        "
ga08vZwyGdVjIQRo94UGAw,
ZGL6dcevMLvjY53ozshSOw,
JFVbYUWBZmgCX6xR2UHYig,
xVaGvvu086EEB323sosB3w,
LmFEJPlX8VtuMJRFqgTdCg,
VDXcl_6JN-tnQJkoo4q_CQ,
gT13HHUyTowwrR4JYFinLg,
J35bT076GgP9OcmtlMnLEA,
2_zm9VDFQG7bwKov6gtoew,
PljycH93mV2-7eWXXdfzxQ,
VO-qpiAbTKd6C-wKKCsd4g,
DMA133QwVNZU5G3C-pF56g,
wmtxQUxDrKHIJi2sy3gBiA,"
                

    Elite 2020

                

    ’19

                

    ’18

        "
MyrjRiu9DoQ0KIKrIs-SZw,
Ct6PiH45gpJ3rENbIr-BlA,
liTyAEMtU9MW1kU3lXIIlQ,
fn26L7i_HVXPWyr3t7ummg,
xMeUWpf0xXIayWVaeiThsw,
hwO5MrzvhLPWYv9KLhp2iw,
mD2k_UuxpnPUm1Y_7ZvOyQ,
yAEEBPabSxgXOTNGQeWqrg,
k-iybqO9q99uCYbFQgTSUw,
vLBUMLcF_TDLxqi--4LdHA,
lD-Zm5MZPSH-e4ariFl3jg,
a0RuL_ymOtjd6IoiWKQi4Q,
HCm9vtnLYneyZYPf3E__1w,
d7l6Tgd-qajPUcbS12vC8w,
GQyBdfFHG_TaCt5RTtO4Ug,
kIu_wqJNsLU1RXiNSVfN5Q,
Q_N201oK4Udpn5x1QQ0wOA,
VJ6gRN2AGplIhnyVA_mMxg,"
                

    Elite 2018

                

    ’17

                

    ’16

                

    ’15

                

    ’14

                

    ’13

                

    ’12

                

    ’11

                

    ’10

                

    ’09

                
                    
    
        
    

                    
                        2 more years as an Elite
                    
                
        "
hJ2DhKczBFSqhGtX9oiXDQ,
SemPiXttDyasxP6PdmsACg,
OiIx3pQqJRb_gXsCGhBrPg,
K5YQtl3M3iORWQCmugX5UA,
ucKr6cQu2gLhjiQ49WaXww,
tNT5I9-QcljS-7w_doXCXQ,
KI6N97EYbhI4TaJu-lvrdQ,
Ty1KbQ02i3SK-vr10JB7yg,
Wa7QRCTrvnZxOuihiVqRLw,
wxPf5bobdwcknO6E5D-qPA,
TG-JZRO5L-UY0yAABv-4bA,
Td6gwEqZ5oiIq4_9_GwVOw,
BDvf3At2Qnaa-GmDK6WTXg,
Lf2iZVZvu6TCogJCrac8_w,
i5MlesN2FAeZjR9ECjISPA,
I41kJ-kOeLfhMV60I5v0hQ,
1twczj0Uzn1unl0Zdv0JnQ,
ROkzJZHySNSnZmk7SXVu6g,
62YFuXEwipyFTkW5dyM8Mg,
uGp_NsH4zwJwvSJ7cdfvhw,
dK6G6yuAU6N54wCJxpXiqg,
rM1hOUGGlwQUXfU_XA9xBg,
NboOLqNOqQ6rLDVQ3jxK8w,
kMsxAfuBO-yrMkfI8rFtIA,
jad9dfkK46tCOUUczkpEgg,
IR1qFd2iR6rcGQ2dhK-gCw,
4xVfu6vnETWMTP-NaOinew,
tPxa79Y3mpA1KJYab4lfTg,
8us5wL5PyX6BPSwQxl7trA,
xyx_HjN-8ilSIDo2iCmVPA,"
                

    Elite 2010

        "
Qx5Oj6bYl1mXD2TuNrdkag,
Js-TDXCEz8oIC6UzWaofVA,
MN7E9-tLskgUy0zPoxFx8Q,
Um-J5eqPTsokVxT5Q2iUbQ,
81FoJQ-OdiCS6XfYV-83WA,
EkVBTqeSOTAygvr3EtduTQ,
AMby8mKZ6KqXnWVLVOFFJA,
RW5PTe_mjKeJrHf29DP-Tw,
yGef_LIDpjSsGM9A-Mi3Kg,
wi07iIedjSoFAqiwejvd4w,
scD97zVbsNXM2BTXmbrO8g,
R94ABwUhHOYzP1g76ySLDg,
xGxrRm_FfCLd7NXwKEzshw,
mSpcylv8vK5FYEoZgik-SA,
_ap5Bxd88r7Qj-xgsDeXNA,
ewW6B0vYHqbBfrCSBQqDfA,
KtaMhZVAK4ob_ZHBOU74gw,
S3JQDp0FRbcrxHjDJYdX3Q,
Yr-Oo5I0R1TBmBkQGcEMQw,
Wjdkh-IfRZQqOn8NIDerag,
EYnZ2trNX8aK5dd4Q53vnw,
S-S4isBs_9oV_zoHRoTt_Q,
3MNis15KN6y14ammJ7XX4A,
8PPZWuvr3CY2uu0X7Ot-xA,
890mi24O2ue6lRlKqkD4iQ,
kWeyKXQVivj3e02cWuH1FA,
Iac6VI3DrZlpTrb-fRsIFA,
agSt9TRS-bGR35Xb2NaSlg,
ItZaQi_KUspzLyrSSp-5QQ,
ytgjJo-9jY093YSa2i-MPg,
KIHnsKE1EKvHsC0S7P9jTA,
LfCKtwA4luqCRmpuxQ9ocA,
ZINVogqpJj_IBmsqcMnASg,
ILPhzdwPWBHrOY4mx2LbuQ,
T3sSuS7XKO5y5SstJALOKA,
bKKzl_jr15-bS1phzB__YQ,
h1NrTaQgWF9sgoHCJ1EELg,
cYaqn_CzubDGVH0EqOyrjA,
cM0S06GZ1L7wWoCaDEa8MA,
gn4oxeOKorh8Ou-qniRUpQ,
5E1Qkjr0f6KswT9vj1mfFQ,
wCFvL6fiZqG7bs0lY1CDDQ,
p2LgowTyaoNPB7GL_RrWCw,
2_32s2Xucpy9FrHLhpMYLQ,
88j4a_jRLQ1Sq15MlyEI2g,
5UIvKywTdTAmE8i3ONlsPw,
I1NGMDf5Q0WbgZ7fTiGBGw,
1zRlfcb43qbdEdZeFmElMw,
eKa8oxv3BFHzln6U2os6gw,
4bqzsHxYZJj2uZpYc7rpWA,
c7KH_FJb0l_626HEYwZfSA,
wU1K2XLR4AUHXKWaLSrdpg,
6tw_22-qg9wRWpB8K5d6_Q,
U4_G2ih7J5T3TSKtOkkBjA,
_vKwkos13HpNwo5t4fLY-g,
jnjNnOXxY_QyeiZJkfb1OQ,
P5JICXTF8sydd-FCHl3f3g,
8boTXa6mTdfSG9706OmKVg,
trcT1Nb4cpgVkILkW3e0Rw,
cPjos7TFPH_zP8YqxqVrzA,
crgk6pl_8WMvayB56q3Fgw,
ETpR_c9mum2kOqKTImtSnA,
TCuoR57cYUrgSjOQt7DmWA,
InFoGQ43guWrq2APoCW44w,
9uDRpCCAgoaigCl8JwwX3g,
GMzDJiwIAomFsgzT_sikfA,
mJy-5ShuwwYRayxRtl6xxA,"
                

    Elite 2020

                

    ’19

                

    ’18

                

    ’17

                

    ’16

                

    ’15

                

    ’14

                

    ’13

                

    ’12

        "
dORVU-rdnHdym1YO5QRFVw,
m_aUfA9awfCUpgQp9iQONw,
wyAEiqajv_AaAKUpmT1iag,
Vr95Ws1sDM0Sg7ZdAjlkXQ,
5Cxf0vDrkWGZMvorSUxz0g,
438uNaeRnJt8o9PYD5Zrnw,
aPTxdV3iOlOPs9usJ1yE_w,
UrP5zzOFo-2JUUTsUR0Iuw,
dV8B3XLiNRMrLW4yMk0wcg,
zosFoE0lGU_etqcmJj6emg,
yvipUjxrXPcKfoeZLz6bMw,"
                

    Elite 2020

                

    ’19

        "
bul7PvrGmZQLM1pin_nN5Q,
w0egUisawolis49wmmsPrw,
4aTkCb0NDKl8pYEzaHyIXw,
BY2Evph7cuuGRdJXruTzrA,
eGY3tzyYb6xrt81ZbGiPEA,
FvU5Di_Jwl7ilUsdbgRRKg,
LfZwTH0-PizTyggls-l88A,
K53GGi7_LKNoFWLrXXYPIg,
7RRiT4TlCO4L09VQBF5YzQ,
zzKQjelI5GDwrWqDmz_CIQ,
_NgjKibT3_Kr9CsyMuBmgA,
Gfhl4jG8L8xMItoBFxeEHg,
nhmUqJTRrgfl8v4rG05HUw,
Dkmc0tG3jb5u8ILmbNOqNw,
zy2kP-RdV78yKbF7eTJclQ,"
                

    Elite 2014

        "
xjptbYoJLl4-SA-SOVjOgw,
Xki-AgOlTBlK8XFw8tgLSg,"
                

    Elite 2020

                

    ’19

                

    ’18

                

    ’17

                

    ’16

                

    ’15

                

    ’14

        "
nBM1tgd6ZZgY71gR1Biczw,
CLUKa-7NnKnnsaIenFGOXA,
xDqGPRY2nTRGWvuDH85mgA,"
                

    Elite 2011

        "
dRv0e45pkz7mHcA7GlFPiw,
LccvZSCGfbNj2aT8wk8Gmw,
Js39-QCp185fcYQim6fIXg,
sHeXgbDx9B6_GZmTbXdusA,
X3xL9XSbVfQAqIVmq0nDRw,
-VqeY0dsYRaDJ9iCK_aYHQ,"
                

    Elite 2014

                

    ’13

                

    ’12

                

    ’11

        "
UQ7K_EX4id8Vy7deFuiomw,
Ko6DVMXop3QX3o9ht38Caw,
fCy1Dsnf9qf23EI02VEjyQ,
kdT0vdpVcTiYu_OloTLfZA,
_kA9S3C6MGeYkfBS6l8IWA,
cH2RExkDy9ZmbSun31gIYQ,
fzzsPc1aWPmY2fcHgys0Dw,
qK_uRPIcR4-cZPFrj2Djow,
0Ol2uXrHR1uMWJ0NPpNRcA,
ZWe5wfQb0Na_kD2DUoBtFA,
vDqn2rHIr2JWpe-fCcrx3A,
iSiOfm9CdUhbS0eDHPHUNA,
G0yHz-cON2lexTUIOFbcSg,
nURl7OE29xJqqzhUI2pdrg,
2vgtVZokSi24VCiu_oCleA,
g_hgn34QU3OdaEd3FLoIcQ,
m1TWIikS46S-THmbGUSEHg,
QtqRGYFeSrQ8-pnY8NSV7w,
Jd27wlllUyujmq06jKcfHQ,
JSrOlrGUOhd_hCOl6VjM2w,
5RvrILzX0KuTrT0ETk3bzg,
pEgCnR2bF8Py3UINx_A0mw,
uew482XsStZ7zB0orLizig,
tTMSzXgn0STBxJz6Vf2eWg,
Bj8UOZ0HzJrwMOLcmASILg,
OFdFG9h344ZkxsZhogjElw,
Um4gPdAm1rfov6e7xdHuMA,
Qc2VthOx13c3Q2Pf5GzXUg,
opjU0YRGK2ixHnGemDADdA,
dCTqAkCOaQat1y7_NaApqQ,
svq0CubW4_0RTVqAhcKVSw,
pqUjRT4rG-2ADKYW3zPLVA,
4-jwQIK1VYAVvzfD5Cy2Sg,
epgRmPkjeqZQx6y-2gjUpw,
zEL0lInFm8-fybzgPNThyw,
Ep99qTjZ-LKlhrzq72bjjg,
zD0iHIWeWB4d6ieQaZkm9w,
bpFSetdiMHRiTkL5lX-ZmQ,
O9WYW2KGM7AFA60tGu53ag,
q-8BERnjpearogR2OEBWHQ,
L2IGjS7jn_9xs0nFxr7wCg,
tH-hJmHxyI8eGDDMmEbh3w,
ZXMgWo8BNWRS0qWchlfdNg,
-eAAzmVrpdwTuPLQf_NTvA,
yjBHmxyytZ8sH91yJo8_gA,
Ih2CHqnjjcgIapuvD_Imlw,
EAl2hqyJ4ieyYrjhkVQgNw,
aO_fxYnhCl9Lx8jtXhKPCg,
uo7G9biUN8rTQMy2xra3eg,
oJiVfP0BZBvSDnOlJds7Bw,
UM2zVawCJEX-hCZ88BB6qA,
efI8v3cYY8rTTJtjinGtCw,
8FKYlTiNWUCFjdSOLFnwZQ,
YGl-efTaaJd4h8iBIXex3Q,
jgvhbuqQbCL7luCY7xbAtQ,
nJUWYMRIGDQ03oI_e2Pb3A,
wMafjnvpE66Ng3u8ShsOfw,
EjoRi66BgJpI6N8-Co1BAA,
G1EDsBNRmFwQy9ZjJAP0jg,
xigL0il2IaljJn4baRoesA,
GUuqdmB4m6QlDZz3aTpXGg,
P4Y5uWyPv7FjcUdjzfxy0g,
cLasaqRSY1BNAQJ4U8cnmw,
pY_Jd6h0I8NdJTMFk_SKJQ,
0fnmhGtSKJjl_deNZ3LS4A,
QjLTB-3G5M4SZHHB58wB2g,
htC1p8m5lDZpPsgkrtTFAw,
UkHf18PHefFRs7kWrFD46A,
sm-XV4gyBnMyohgKP66llQ,
xJ2nwOtjEluCGVOoBUN-Tg,
qaWAuffiPkwfH3-h5O8QQg,
tT3nnhz8ko_h8YUl2ZuMPQ,
bg7U9V5EmfAPWEl9fD7_rQ,
M_fFaA1ie3GAiGQmoVmoJw,
opK-Q-oNqQLZbzBKW81miQ,
WWA35zmBGs4CDKk_FKuGvg,
FuDU9QUx36IqEp-8KVD91Q,
QUftLYCRApR0JWHMnYELcw,
UQ2PwvFTtrWPQDeDhJnkJQ,
-XzAzGKAGCLn-sxy0_3dDw,
JRVZG46DixeBx6VtFEUJzg,
kLG4ud9SZRKijzS5mBFnmQ,
tmZSh7QNPnWVAA3IKCIhtw,
VXo-rQOwJC20v-RnSYcjmQ,
-B-i-2Bjp4M3yihaZQ4TKw,
MG8XwFmtZwihE4TXVx7XeA,
UXS_NOqEE9QAXaoPXedAXQ,
FCIjd0-kpWdwNqCN67-HuQ,
mOjmOuP530cy69T6Rfv1OA,
SQNQiNC6hpG_RuTBHZE3bA,
NIyhXxfG5ulUhcpJZKWGDw,
gpp5zhpelMOctx__C7V9KA,
m_Fsa9RD_3rmblheqrt7NQ,
Std4kGbO_QHb40-YiCMXQg,
-jrjuibVfuwie7qq-iEmzQ,
vmkJ-LmLbbn2xm7ElbARiQ,
z-Oxrw2HnPD7g_4lpFyqqQ,
t1zzcITQK0nmRWroJbrPRQ,
-pcVoomLXGSZZYwfzT8w-Q,
mpaplEbNDm6wVfspWF995w,
FlDtCMJakvR6zqSpDSn1bA,
Q1y30LAMZOBHLxDBCKUVJA,
gMVRGfXeOud4nJz00vcePQ,"
                

    Elite 2020

                

    ’19

        "
D1KQHKGwIBKhf67WXrhNgg,
OeKSOBpSPqzUtilS6vdigQ,
BBzZWy-phibbgLWXArWEpw,
JjNXhjqbioQfAdFjs4xV1g,
CeR5nxgwMzxQXyFinRdEkQ,
l-j-6aWzaJJoI_8onhX4cg,
rqxSPgYSo98vTEFjIDH_Ng,
2NqShH_LC5B6ym8EtA7yNQ,
GynjVaKOLoQy4CUTbHXPHw,
lk6nZ7lyZVEKNVkCNhzSWw,
pKKBxt9emDFWDM6j7VmDNA,
hurUSztG7HR3-jIhUpWMbQ,
mKIRYOFL8xrSe65Ff7-uTA,
L_Yc_JRRk0R7ZBRxVyCoWw,
xGMHbn8ixTJ9YbLPKvo8wA,
-bVf85jaS4uAQjMm8CagNA,
0sm1bIVPbfULZpUIJEkNyg,
OZpZrNiq3_L6c3BiL_fKuA,
oymUQjgfhsQtLCA5liLIyg,
LTj015wX2GrFcxUe6uJmqA,
6yGZkTWtelluuCsBSriu-g,
AiQRBLuQEn5y8CyYqk8tXA,
WBAnfrzK4a2-HLs7I9OL4Q,
qidRxPjnsYsmaSMpqaVtOQ,
2Dcd0RFKoguCaa25h2FsKQ,
yFhShr7MRQh6thhNq37rGA,
IZUACDdGKPLSsXmXjTMaiA,
U90ckMOGLJAF8V7e1GckBw,
LFBb8k1DTEcN83TZmNfzRA,
MTn0wDDf1YDV3qawgFAZZw,
AdFYzQPLHk5ybAmmtVyEcw,
V3KpbTt0D0AUIy8yKHhLjQ,
8J5wh_rgLJdzmDFGUsx6dg,
8Mg9nicvmA5pHTc7BW4IIA,
zBd_UTxa7D0p65B2-hDTVQ,
IR4gtRvNlwUDSo00qejjqA,
KSf_E6U636RCPZYRjjRNXg,
DyyIghE-03LmdGxBc0YfpA,
gr9jGVsSN4cGCTvo3hy3FQ,
xNmND1-o3SUUZQLkmsH_3A,
m7zhLQyIiaDR1Q9r__rp6Q,
2k-p_TQ4ik4AWyI4E-6g3A,
wrWFHonVG7PjAHQSCg4iaA,
J_nH-TtStGq5p29u2Pof2Q,
Z0MJEIjMF2w9RwCroPAoOQ,
Se6hI3CTlOvkGC5SSJy00A,
QslYDP1B7pTxSH_wIOmQrA,
0cD90g39JTiovPAxoACjDw,
SgOYVLdvRRbpUgolp5eORg,
9oLorqR4Gb4sEUYeHenOWg,
1sbW_SiAVVUO7YpxW5PPaw,
bWVOKILYGtJeZSF1FpbZOg,
Cz0TVtf-IHihGETqd_oRYg,
5tl4tyaJEzGeAdbi_L7PzQ,
DrfCvE3Oimqt-OTUaEwTBQ,
NL5oAG0ZJ_XgJI0LTRAzew,"
                

    Elite 2007

        "
aPkZriyOJVZN89uh0w5WkA,
pd4cA6hTY5nDuG0ct17GCw,
YB1QFb3ruqPu-Pc9kgH0zw,
DI3p8XHq2eZBa0rhTtc6sA,
UcYPU30f8OoIkf3F_WlyFQ,
owCLHV8XxI4Uj1yOGf1FHA,"
                

    Elite 2019

                

    ’18

                

    ’17

                

    ’16

                

    ’15

                

    ’14

                

    ’13

        "
s_6Am8_ydNewvone7yZLtQ,
qG133x2n5OhwCKCHcjWBfQ,
KuLSk4xfWAK6YWpDYaUfFw,
gcFjU2fZv7O-SvlxNegFKA,
Mln-1lNyxZk8UZBIHGNunQ,
NOMT-fdqT31oUGZUGf6_sQ,
Q8pTKo7Qz3DaE8q-wNRbnA,
fypzKDqQXElxP9JxU8a3ng,"
                

    Elite 2020

                

    ’19

                

    ’18

                

    ’17

                

    ’16

        "
mZetMjtIt--CgucdpJ_Brg,
lVWHz-_RJbg-n1JtG3XmEA,"
                

    Elite 2012

                

    ’11

                

    ’10

                

    ’09

                

    ’08

        "
KxBL4O4uQJuAx3V1Dr_X5A,
7_rxtJN-FhpSs8PLkJ28Xg,
8w6KbpFl0Vp2xX122XHYpQ,
xZaIzUpbYf9BGr4gv9OSdw,
7WHX4WiEoJyigTjhDkFrIw,
yfulJkkS94xX7_wFEnreEQ,
aEHzuTMvil1RWDQxjKO3hQ,
EMIC8TT_zo2Jl_dzprFIxw,
V3oMyZlbsNpT3Tkhq8ngLA,
q_yfF6rCcBSwAULw3ck6QQ,
SYiTumLFWzhDhezvexQ5NQ,
L0V2gFgJp2bSEC-IXYsnlA,"
                

    Elite 2020

                

    ’19

                

    ’18

        "
_ZVLdJ6BtlyNRLz6Hffv1g,
X2dRyJvPyLlLPa11YUtzNg,
b7BHeTARTQwtJ7fjWspoQw,
N0oWJehG6AsgXKZRJZqchA,
XhPm9wtSEsj9wvRgbmCdmQ,
g3WsLjM5RX109e2ONO244Q,
7CSzFGkbqEy11ttKQpslww,
RQqDPIahiOUW7WISQD50JA,
NSCQ7EiGFVTjdfvA3n9bkA,
4s0VM3wrOdDcOTKcb2bpNQ,
HJ9SFDXCns0Z_La0hxLi4g,
kMoCXH6-R-HiSGdhyYPhJA,
eLaZd_7RJeqXk2QO9cvWYw,
tPOGaxo1xFG5gE3GHF29GA,
6IBVQltPwYpQBfAC-gVBEA,
C91OXaI62NallXBAToot_w,
yJvwIHh6f4d0G53UIMgThA,
5iqJcJzUxqw6xXDuJW8LXg,
6ZbtGBWGPzk51mOtCGuSLw,
nG5KXpLHu-npE052Ly4hkg,
j-m7cIEyZwtGPH4TudsBFA,
EPHUws_l-ksuejNR9AdLqg,
QtG9RNN9Guny2sHU02ApmA,
PRtLXv-RBiukOvi3KOqF2A,
-Cs0HGG4YD5r36VhJKTJeQ,
YmwrV8NJN3FZ6JyybvcovA,
E5gaMcKpZeSq6YxM6-b_fg,
8fwIKqTmkdknm0zX2SgGrA,
a5LXBsPDPKjm_JAq80nJxw,
AHWU92n7VD-3_LEScO-46Q,
3b99PxUK-wmc5sQfaxTCuw,
KTSet54Lkr9TTHAwW5N4uA,
ObIfUruWleXqQ2ED_b4K1A,
vo2vc0wGm4SIMfmuREUV6Q,
wKTBjeRFRkTZXWb12gQQdw,
xX2Acj0pRs0IxfbVmsCKHg,
YB4EBwFFLRxvqPUVCQYdww,
go7cvKMeRrWECY-0kKGl_w,
E3x-ZD1qVCAKc2xzZzKeGA,
6aV9FowZUgxaJpD7YSdGgA,"
                

    Elite 2020

                

    ’19

                

    ’18

                

    ’17

                

    ’16

                

    ’15

                

    ’14

        "
kzlZQv_xxfEfLND4syzCWQ,
efpM7d9RnA3FOLtUSq71Ig,
9mkmmKkpDssG3sch16wX0A,
ilZejfXKQNUOqjni3pD2uw,
HNKKh4SObswaa1BrO0CEjg,
3QyQ2YdWeWwvFp3rgKW2AA,
s_CF4V1xNUhcjRgqwICBGw,
HDKcORG0fkDq4jTl4E7kqw,
QyGA1yrh_F_5h9Mttjccgg,
SIRj6bFlWotkjMoab7gG-g,
L7OVxZtuP_VXnmdaCnA78g,
3ClRBKSGaGVPasroq4OapA,
3Woe_ZbjFH2VLck8WWsX-A,
u1hDis7CtPNEyqn3jLt68A,
5d_BbQ3l3xsyh_T8xmSxxg,
_26CYPB2aLBIngcl917GvA,
qWCybrHGfWY6nyu2nefVZg,
IWdJQYYroaKa3azEgBn2dQ,
J0xjJiEIjmmblgL49Y34GA,
xYeG2GQlCeX3jSMxJWiWNg,
cSLB7tw3-jJunIblNMSwEA,
Z1tj7hf5cNIcBfYgr6j2Cw,
TG6-BMhRvTNCDsA49nuuyw,
28Ikdb9nQ8BiVF5pHNuHEw,
f1uY73O2AuE7HISyhIFN9Q,
lDsJ3GzQ9JLXKHWmKAC0uw,
lpmUfvaOJGV-CZa8nm-AUQ,
xKHJPDdL1LQBiRF39w2xDw,
EEVBLieEG177qbmOgR1RoA,
3b_4ne25MNLcfiaxSvxkaA,
IsR8VRaHhY9u3baj9m8SbQ,
cC2cy0XIhqV7XRDApCU2fw,
SgC5LZ8FeJuEX1P3C8Kjrg,
IOaptI4lRKM_Uj0MkwN4Dw,
Z-mNvQzforQMaNpDCwWE_A,
aXH0RWFH27VupKOAZuAZpA,
YDtYVtNrcApcg-9H2J_YMw,
vS8SNXWAeOxjYJW0EQIDeg,
2ktzBWZWTzSOHakY58kvDw,
EL8iQ850g13q5NG2fMmsYg,
I7RSyalbRo7at-t_HCZHUQ,
roL5oQ6QIyftKyBmYZGfUw,
oZycNBKOgDAi9ErK2BfKHQ,
OxbzWeDVK2omHx6PP4mY3g,
jcyK7Tc3ib3kIWb76CIWRQ,"
                

    Elite 2018

                

    ’17

        "
dBaTFQgd9IrlSIGRKUkoRg,"
                

    Elite 2020

                

    ’19

        "
3waAQbBf5b3R4LKLXeSDdw,"
                

    Elite 2012

                

    ’11

        "
OhMLhP8fEPjOjmW4Xjx2dA,
V1dqhiTOTwoxb9lam0bBMw,
COUQlRe3geZ_LxWNVynOCw,
erxCtCGsC1qlzI2wDRu7bg,"
                

    Elite 2019

                

    ’18

                

    ’17

                

    ’16

                

    ’15

                

    ’14

        "
ep9qt2OBeMTr8XazGga8NQ,
sZyuM57lxarNU9rBKrpa1Q,
TpBGFJNngLZSyzWOw4aYlQ,
FzaIjBQSGGOMzDVbt53QvQ,
FV4X672BDK-UJfc_JSKMpw,
UZZJposjfD3jm_MSjBFHdw,
0-k0yrrsrgY3iHFsR1_3aQ,
RkhWrUGnMnmAAd0WbdlGEQ,
G2Z4JANT_rRmi9liMGHz0g,
Ed2_VK6cDITkoVswAvf7mg,
KXMvLLxrj8Wn_YBaON9Kkg,
gcbkVHH7qrf85MDJnFpIzA,
nTLb08F-CQ-hF4qiSIkisw,
yiytSeOlOLSa2SSEYJAY-g,
RCvTN9_o_-eLGzhvjUBlRQ,
D5MFoh7t_N9rPsD8-HUa3Q,
SxXbeejhZ7JyjOfn9-_59w,
Q2bC1s8UQaK_8n4cw3PhrQ,
a_PE-avCY3SnrGgm0-NbOQ,
9e1x_G_8BTCZgJ1kmJtkUg,
0nMKjyceQ-haGrTdvInmpg,
UzDav-iZZH0iAtNiN4Qx6g,
aD5KUm0mJjXfX0tp5zLw7Q,
2WDnQk3j4m84oLm1cTb6hg,
Rlh7CHayneYBnQ8_ue8Sxg,
MixXnJCOUgKJZwvg68OTDA,
_L354wL6w-zHw1X6urFvVw,
A29aNoQCw7m-7uZxkIqjWg,
aKqGTpw0gJuYfnrbcbTJZA,
3rJ4t-xSr4G4XweYLNxmmg,
RYQZ63fsMlgqtyeRGkCz6Q,
3nBtij2WPF7ddQlocd1ApQ,
P5QQWL4UuuntWoO9q4-Z9Q,
Ui5CY2PmZ2qSCvR4ZW4dSg,
pY-bbc1bRz1RoYVsuHj5Zg,
nKrWBTtJsAb4ENHAtqp6Xw,
DfwDdDMMKvWa0egtHayu6Q,
mYMwmVhqy3huFXhkI1QaFA,
27mNnmLVc6QptfShyWvPCg,
DAC91DtTiJ2WkBvihqZP1Q,
WRfvYeduHIjf-Pxpw0PIZw,
coGIaaI0z1kdEHcS2h6Prg,
lmtrtjMJwhIvrU8xk-RUfg,"
                

    Elite 2016

        "
e0Avp460-NyP8_CPqJbmsg,
q1wfUG01K-9eiTt3pncuBQ,
V4aAZoammBg5Du80kX4Jyw,
5qnKWX1GNe3Aa9Tv63bilA,
d85Ud1kZNcc6nFEQ4e8hnA,
xZ7mP1_IYSdJv-mtyZdyGg,
RVcjFxkl_Dl-OyOn4ACSzQ,
opvVHnYJs4enlyY8d785Kg,
Hut5R_a7bycvIdioq8Pjkw,
HnW83778SXUqRSHRegiP-g,
kmMu2v4kn5SpatFAh_9J2A,
pu_DDKvnv7mVgSlK4PiP2A,
FOZnDngJHCsq2bHMmNhaoA,
0JwNdl__9X7CWWRY7tJjBg,
jsuy3ZPHKUegWTOtqPuFZg,
FaWc9SBybifnNva5mihO7A,
phAHGz2Fr5io4K6uZ6HzrA,
BGggNUCVgpsp2v7v8twfpw,
PdS5hNgyQr6jM4rZQRQcfw,
cLQe2eTPHPdU5aMGC26JuA,
ZIrn8C9IdxosV3YDYiLexg,
oNMIiXEq6NfdIk8zwz6WSw,
dvBjI65qWn1h-aW1TmrWWg,
sO653ZXirE0WMzsCPSWqzA,
v-xpRRtlpRdxabRuXfJ-1w,
sr9iPITF8oQGtwNOYNmyBQ,
Mcnaj_KS2OVQv5CJprgS4A,
usi9L2Ql28NM7P24XHvi4A,
8LuKzjiJoSuEb4TqQ8tDUQ,
9VJxZMRPt-qY9GXIll9ssg,
6FOV6IApFyYSBb5B9dy_4A,
7w6ueZHR7chD54GT9cpC3A,
9yPnO0ysJDJgG44AwyWZkA,
MWsqFMwHHRmmcJ-CqNgTIQ,
336r6S2jNg84Zj34O0WLjA,
eb2hvfoGudyqsLfiylB_Vw,
nKo7Bzx-LsNURj4QIDOYWQ,
nBbhJmzhXRQaQwyL3VnwAw,
rR-Z6lXRknqpJ06zkbkR4w,
CmY3oZlLCy0Oiq_d_A8s_Q,
e1mdVFISFUhiWoosIBRerw,
As5VkzdDmGQzQTVWhw4t5Q,
UVxuSmdL3uFdS8FT3RcZkQ,
CG7nbcQ-_LALlBr2QsEaBg,
auIdsdB-zHMzYA4BIiVphQ,
X3Z8T7fHlYJo7NmnM3VV2g,
IC_O4Y433BnaQuc8k6bghQ,
RXgG7QwyrC-FhOwlI-Szbg,
Rfqpd3NMcaZ6V07Jr-mGCA,
vq39wm9PFeyp-Q6r6Yv63g,
Cl-1mfyk0t19hi5iGyqOaQ,
q7iwkNcbqoZIF2OX6-rQJg,
XtjL3q69HC8Xm0GTJH1q-g,
zMKFssKyqKq0pMcRgoq3og,
kj1fQviJJog8UEWcR8lIBg,
AW2cimP0kAlKiNs4iEwa7A,"
                

    Elite 2015

                

    ’14

                

    ’13

        "
srbVSwHzKFf781bQCL0X8w,
WpSrLMVhGGLk6fXKpb2NTA,
ujz7vaUzt-C9xmYumCKtEg,
CZJ6fGLZJOWa8dAiCWoF6w,
aO-Cu-YEAnSRS3tagvLmjA,
JjkwArNO6OnCkwBemZzyNA,
HZOVsBBqQGqQLIp8az8LaQ,
jI43jHCXx1R-gg_vYcQWww,"
                

    Elite 2020

                

    ’19

                

    ’18

                

    ’17

                

    ’16

                

    ’15

                

    ’14

        "
7NsUQgNGUiDXj6JmnboPkg,
wgr2wAX1ghmeq6wO7jJqGA,
W2wzawhkCt1_s5xtNXciqw,
948Y0WT29ZXZNdqDe4ly3A,
izZvPOL7fVDkfriLj2xGDQ,
MxB5j4179SvR6WmoLgc1yA,
fkcy3a7AnOJwXdjye7eZvQ,
v8aRwLmG2E-pCNXD9mNCRA,
p8Og6MvCiodEv7XL_NlaAQ,
ivQE2nnLK5xvMFGCVeu1zw,
Whezg4-QHEYYFSpW9zrbWw,
Brt-oQ1xl3eeBUwl5SeWWA,
kFtlogfxZ-4EIdWkiw--Kg,
Xzfb_gMHRvZm0VMNiy8CdA,
ov24hE1cyNtZBLZ0GXtIVQ,
nA5O9Qq_66ZKcH4GTPHaTw,
opK1ymGtHA4CTIsd5hke1g,
byEHAWFjZKXuwIw7Y-kjJw,
ispGmH-lBaSU6iYghcOxog,
_pGddZeHmbFwWdUKv7OKxQ,
ASLJPxQ5Ghf_t2QHwI7qqQ,
arwqIswEMwnEeuQxjzMFpQ,
uF9frSijndtNqPeCU3zj7Q,
z70SUWcXYv9wMDOJLJDwXg,
abIZxXWxpKbVIiE1f6TYvg,
soHvOP5Fxi9MBJ7aueCmow,
ESbQyruykzhPZrVHygjXQA,
qZgXou9PRqg4TBISGkkJuQ,
KCWw0a7sxXMFYdrDq1CB4g,
xdWKFoav_cbvSp08sZwDrw,
qBqJAEimINPqWW-mfxNjDQ,
KqojldI-BxEzXSqTgRpRRA,
Vn-WudfPlzEfe8gnqiaq-A,
gaRfpRGrh_jobnyMh4snSg,
nVd1of-FDAr5cc1ogBdONg,
sy1iwwgePBA2aApFEQQg8A,
nx9h7hhW60fY5GqG233UsA,
5CvksObVnl3559NSwdjpVw,
Dcyc4a4VKQYvdU7bNyqTWQ,
0K768KHtmW0VDyH7KiG_qw,
9NQ9IiKYxngEEDvNUrm5zg,
kq2VBGCVZMYBlMYod8Uk8w,
_a3EKjG2J_qi-0uaynTOQw,
ihz1EP4oEfEn1uF5XKjfsA,
-3QAUB1QpJafDNou-aN3aQ,
7-7XcG42YxqcR-CxveqlHw,
LtU4nt0WoLgXtuHiwkI3xw,
eyulQ0X0a16wx4F6VE_eeg,
ZnT1rsf5yE8F1_pJf-xR3w,
jN8RWdHwwjSb2tSX8Qd3DA,
Jg0lW1hu5w6L8b0jtbGaCQ,
msOVLjTebf51njN6n22CiQ,
u-s03Dd-N5SbSIRhKSSkSA,
KzpgV5uYhI0T7xnwSEGxxw,
ViJC3XLTRCqYE5CNbMhnzA,
lio8RMl9FUtdIVp4uJMUHw,
i7jcM1fpQIoMOoGZ11IWqw,
WSa7lSPOdm39VgH8SQf8wA,
uqSjPFNVDII9g0wXWkKBgA,
GLfN-gQX5bSngGvS3kT4vA,
IBWcugqZAiawPBbQe9jCuQ,
wzQmZYcLtPKDSn8Yy3zrtQ,
uLuSeeWmcAHZ_9zJEeIyoA,
7dnfmcr9VDL_zI7NVjV9hA,
UbAyRIHUJVB6Ah2U4QzF8Q,
7m_g7fc_npl1WU98RGVuLQ,
dPMT9Qa2W93jq7dYxo3uvQ,
Z9PpVoe4veCIDUFFIybUDA,
NKBHW7ut8hnq9mdmKBPS1Q,
ZvtzW0n4KgVAdch84N8PTQ,
3rpAsDtWFn77ROqL3X1PGw,
vbR5vkYLZ6zAeU5PDrfCXQ,
lcqACF-A91NTQT-9Lv5JOA,
ZYSpjfj2neyJsX_2atkzwA,
_Jk_gTNRRVzAzn9UL4FDWw,
msAe52kE_nBKKHD7xy7PLw,
BF1L2sS6BuBgUtJN1q7O-A,
dfMdKZghvUYCz1Feia-IBw,
m1dm_NzMVAwi-TN10OElew,
EJcqu_u2F90NXms_aKWOpQ,
8hK_gz8YabM1pp6n2b849A,
00Ug73dppBM8fGYiq3r66Q,
CQO6XAzpiuJJAEugbKvQYg,
0Oi869oDycA1ZibBZrK73w,
YLE6JQM5dRYp8goRrNGFPg,
LUi3ebvHwIoF22ZN1kd-8w,
DGbB-HgXft99BlO4zeRXBg,
_lJWZw2eSGpxeK6SU6Q6UA,
e6xfJnDqBC51HCIKWqublA,
foTng5P6TvFjp38N69pz9g,
yP9q6z28kHWlVJaHXX8U1Q,
_CFt3uB6Iia5ciYUwtnijg,
RN0nO8d6HdhfNciEbRwTzQ,
f6ou2VYB_F6k-wgX3skKEg,
mbQMcc6yVSevA24WM0T_Hw,
HegpG2sfterd5-WXeGH07g,
jv5OcBC_IYUChS9T_KUsyw,
_DlxN2lhNhhxEj-YHP57Vg,
WkyyQiq3AEEWlQyZ9DI1zg,
zJXZqe81o-cXKwE3LUAA6Q,
8IixMMLknGl-twy-CwNqvA,
G4B-SAX9nog6RNpZ4E-Z-w,
vvCXYO2bemmyxbH-exoQAw,
AjLsuVws3YfFiXvdX3BdLQ,
MpRMV1IlT8jzfLdI0fGr1w,"
                

    Elite 2019

                

    ’18

                

    ’17

                

    ’16

                

    ’15

                

    ’14

                

    ’12

        "
hlvHc32rE_4XjNreGNuuyA,
Ra6sRX3LCZRa7UDo-UP_6A,
EIK-LQ5UIPF-GyXrUDiAkg,
AkLBfW1B8PGQlCcZwT0UnA,
8P0uW98tioXC_yGj9UchnA,
E4gZxQV0rPTYAsqa3BUZ5w,
IsRs3RryokwDuHBbu0kipA,
lQwA5mR3pkGRbMMFjn9JBg,
zbhWB3jsNAUenUjBUEOyHA,
ZdQJqZ5OmC2Tr2kHztawSg,
zIUbQKXbWZxIEccGU01rHQ,
DOwyU04tgYB9o1rY0xHz5Q,
4BjSaRz6wwMt_0ysiKf9IQ,
IvJ93FTgiKebWfJK21cITQ,
izcnVx6WSOVu9LC-aOi71w,
KkkZWspr3fDq1IgcxEcCRg,
Yz6VVf1KhzbiZU9mvxsb9Q,
5zBC5AoPyQ063g-qlbAmeA,
T7VwFtxzlVhAcWdKd-Y9lA,
saIh5ShcSeZNN9frEznC2g,
Ay2WobbK0yRHIPpgTjz3sQ,
bFjoY4oXCZVTgvmLKZ1Khw,
VX3G6OKgB0-KsPPRQuJIOQ,
o0W4Uu30FAmZ4AMnlyAy0Q,
_LP-jIpOvKW8qBzDw4XGNg,
mm74zanXyROK_nufcmxnYg,
cNe-JwtoDmpW9YmJ3xQnYg,
MtvGuBhB5Cbf0ssm8ghlRg,
ZgRlC-AiiTXGJD-B6HU1_g,
7S8_2k5synLQt1GLf22D1Q,
jUs89J0ocWi3ocKyax5dXw,
xqoESGn6ay0KEw95kZNXVQ,
Ke3BIK6t69FFMrhANIwv9Q,
GuPj4c6gmf3becCqk6iFsg,
QKeh6GUPHetOl7gLdgXhNQ,"
                

    Elite 2020

                

    ’19

                

    ’18

                

    ’17

                

    ’16

        "
7yR1VyIAp1RZhIeU8t22vw,
H7yF9SVFOqAdiG2H-ivA5Q,
7L9Jtu_ctSOWdVVoIZnnaQ,
G6Fu_apD7xMz3KfXG_iuXw,
a3nrryuRHNMD1gvQ5ruilQ,
TzdzsTgMw75hZ4h3BbhLEA,
wTA_scJqWEorYihoXamULw,
ev1wxuR5zlFJBTwoZ8oNog,
umJs32MaTm2L5rMcyerEJg,
OEp6U3Ys3LzffLLaUjzqRA,
bRRG_zhs5YR7-63RdUUpbQ,
4nV5oVXlf0qzECAn6PnBOA,
Cm2yZ06z2fsFrNRH2uxVDg,
la1gbgstvHTutgtH2f_bqA,
kanwWnwcXNuqka7W7OGOww,
Cpp40R9zeKEyPV4BsxuSsw,
FT64c8JcAQOzJBW0gMnEpw,
QVwd6kuYN6s3SsP5LUnPfg,
i5shDLNOhOjGb2bBncVtJQ,
jSGqF7dICGAN1LdVwSOl6g,
trdOKqQYY_uB0q4mXZnKjw,
aREJme76xRypJ3X3EAuGWA,
kyiSCYjH21rvUqU7tVbfiw,
p5QYJjYeF0aFWsjDvfCPbg,
VqM2X_BB-gOEwvnbafmM-Q,
iVbRS_-_vzzlqAaEDQUD9Q,
6jbyvRxagOTyIBgudWKDzA,
tgorqdmXfXoOI3jLYHHwVg,
SzBHmAZHdkZDisb7oMEAXg,
1acYc7B0q44TKMudItYSRA,
5RUurscPDRFWZRAgQ_u9PQ,
dnCE0O3DvsmxBysa-TdYRA,"
                

    Elite 2017

                

    ’16

                

    ’15

                

    ’14

                

    ’13

                

    ’12

        "
Ny_LJG7ke2jwUd5FjwH5IQ,
0L_2d9vq1xYCordG8T53mg,
qwzFWEi9r3TQkHIwbUrVyA,
r4-gGupaxv2OLPROJPAcww,
TmNk0DHqLMmBM2YDHflkpw,
Y5R8H7G0yrp-NDCUvlDvZA,"
                

    Elite 2017

                

    ’16

        "
Wvjc7pM3xG0DmRMPAu8r1w,
rs5hF8IaLge-1ltdvNjcaw,
NcUsRyflTrgZJGvAMTxTDQ,
5yolNU8aaVh6Zu-gRbfIRQ,
Y833TM07J37ossgAY7UzEA,
CGraT41axfz01lg4GE6D1Q,
Baid-tLMdKiIIDUof7RDWA,
EeiRnjdpZ6CPe25WBpG63A,
KoESj4lqUADVML--EKPpQg,
jYQ0RoaQSLVYqP5V_ChXDQ,
f9tAb-Dhh4iNFxICipOeyw,
R7Er86-NmBQvU1bYCQOH_A,
3dFEcoyqBZ5I4ZHhXE-_MA,
sOAbSSFVco8hGgiDCMGjHQ,
_RvElD0SQR5gxePrQOimIA,
b7cFVEQtqa-0Ux5mQLvriA,
wOAepgSrhozCZse4RKjXrg,
YaKuflN5RBVOTEw11NHurQ,
76n6ncbE6R3FiC0oyHubFg,
exNKy0dOXQTJjeOnaQC6wA,
GUHL7G5MyNeh2sBhG_2G3w,
yZq3x4kLX3Y8z8eVP6dP7g,
f9OOPJXCiWl3M5bBLvnSZA,
SEgX23CFAnV3lsoAAUpjQg,
qYC-kKfbd5WKUTYtouHrug,
LNEtXr7rQE83aCDLAnOq_g,
h9TsnctvXDs5tkhTYVaQcA,
n-7ZElm3B5ytH14R68d5-Q,
T6i-ehwklhpB7yqtQJCjMA,
SwOOQTrNQ6FDS_y5AOODOA,
5M50DXIsSPDLY-ikukvDCQ,
qsx8EYLHF2OpdE_ntsAlRA,
RRSaCdIVvN3vECx24XjjNg,
DQMni-RxNRgvHNVRScUU3w,
B9XQUuBZK14JmY_edK50Jg,
OfkPIeltbW9EBqqi98C3mQ,
Ou_elwxFXcS99wD_JYBr8Q,
POOXnEtJmYR6EtfsSgm-qQ,
8CIGE4aMTDN0XBRQy6SWKA,
rWSft-Ixuyf8SUFCknCEsg,
XoTygZFQ9cAhRdDJ89xV-A,
Mj-04tkJQCXRfCTiUlJIFA,
4XXUPzBC6CtAt85-noAf9g,
vMYKQeuuC9py7VkRCdAquQ,
Gsd8iShe0T_hi7sAm6uq5g,"
                

    Elite 2020

                

    ’19

                

    ’18

                

    ’17

                

    ’16

                

    ’15

        "
9hIz0QBtpCfscDbq4s0gMg,
Xd5WruzKKGAyMy0uDEdAqg,"
                

    Elite 2020

                

    ’19

                

    ’18

                

    ’17

                

    ’16

        "
2L28sCE-e3ZkFkbxvykxBg,
1muQ_4ZlBPI2xKlkOg1rZQ,
yKX8fBR8Z1u6zxBRb6QAjw,
xmxS9OlWu80kR2L-rhJZMg,
s-iJNAtnDvfI6MOpQjrQxw,
Yd8z1OOgI5v83PdGMthjYw,
KKva4oYu0V6gho0sI46PpA,
FTIGxvsw9xLJHcBmPOKE7Q,
rfRVB4Vy4kT08Pfedo5P6g,
jMa7gZeuOnUaxwr3Q-whng,
Ayacsbt3pFpQRyE8eO0TLg,
ov8rgV6qJc8C4q_PEDZzyA,
en5rDcdIN3Eg2uLCmfwN-g,
Z4jbHK1-U6pVfI6RfNUSow,
3_7XgSG9e3Pvc_goteJ2pQ,
vY1p38fQGfWzOBzyF5nu5w,
pCeiu_FRmS_F_UNGfqiikg,
Li0XKcMWxxO910I5EZZpMA,
5LS6gHgGukP7kw-Sdh9_6A,
fVE8WADQLuIWo9jbCMtD_g,
G5Bj4sfpKMs9BFI4G4uJqg,
8CC7lKGi03rJUV476DqA5g,
N6OJOGnDFiZDl65hIlTG2w,
ePLPGYGqJjGth94N4154fw,
ErCF3iBQrhnkKX21H13swA,
F4DjrMmTFuLWCQzpOk7R-Q,
XkMwIDkndFgLjWNzeuT2Ow,
bfHKAXPwcEuOZCpTIqqu_Q,
2RP5UxLKqixJMn5D8tOrrw,
JvYVKiP86UG3ei_26V9uhQ,
aagwwfjd-7jyzmbyEHDihQ,
6UKGQqUn8e7fiMQAetIH-g,
rG3hyumctYcwwrgIj29y8w,
QVvL9DxY4DOU6Df9wCCpOw,
uOuYB4VLhcs9RNKHRew24g,
AU-Q_oDcFgR3_nrh5xovyg,
AdyrRGbLz7pheNHw52Yu7Q,
KHKTHVLNzLQtSqCFrqn5Dg,
jF4b2hpCFvuSqH4es-CEDg,
StEPkEdWZuI0RNcugjZYFg,
COZyC0YxvdYDK0mTcDdo9Q,
mL8Y6mUNkEoSx8xLG7xOMA,
fhK-Jjx-W23JhI9_YFymzw,
j2oV_5Zl2t-apUQSr0mTag,
pYjEG4b0N7hOhsHwgBgTjw,
dnkHVi3wRsRii82cm11bKw,
uc-tSWdju0oPPgMwFsnctQ,
C_f-XB8dCwJEoiC_yxAr0A,
TB6OK2MWnlTO-xPvyXlsxg,
kwyDF8LCxHVLK-OPUz3maA,
TcuVTHCQ7SL_uOIoLQmSpA,
b4j0Cw_XM9EbXKY_yBXUSQ,
qYFABvNQy5MklPDP2GoeFQ,
j3Ry3OTIQurkx9nIlnf-2g,
hrVVN0l7jpWxAJLF47Z0wA,
orgI9w7Y9jGKpyRwXcCtIg,
7YvMoKqLVXQ_DciRg5UDaQ,
azBgBtg7wGRxdnlilW8AJw,
GxHt4oTf-yU1kdlg9aBFAg,
UnxZ2PBpnNpzVy-HcGpkbA,
f1pqUqXMCDN6haPOk63S8A,
KlYiFodOqShIIFiocqwg5w,
eY2eGBoGBd6bHrEARvsn6A,
Tq8rl0Q1XPDP3fmQD9Z-Yw,
OHpfpBopi8N8bQ5ebc8ppg,
CBJqpDOvTJPyuAA_8ybSPw,
8DAp_aD5hl1pBkmJM0ygBw,
FpEOprn2dr03EdLDNNhQzA,
Ouxw1rSXrjdVUiUWAUBFdw,
Ny1Qa0moQs4P9VK-05XUHQ,
Sai7wGmaFz1SLe1Xd3oyMA,
UK8BDDVr4y5pGdIIucV8Mg,
pW9Ktk9AZGo0M4r1Cme2rg,
aAat_suU2deFUAKQk331BA,
7JBWDKkZNvgeHpPhHS70uA,
boFJ-zmind2vyamNZB9Www,
kVAckh5WDZznwHvHD3Uasw,
kD0MTImwo7GLnh6CI3h7_w,
18pw1QDjmEmWvESqkGRxEQ,
1Qecr9VTnkprpCwF0tj_EQ,
lgS7Vx_hDFhuOHdXc9AUFw,
JiWfaS7HxZRpXe35MYxW7Q,
R9sFeYJ4hgpnUYaFk2kp1Q,
zrsZZU_OENRNkREUzLOkRA,
XwtSNH9n__R4j8ENEFpAmQ,
3PFC4QGAso8HJNLqO8rD5g,
