G9vNVmeWmbz6Awgw3OxzHw,
VvYC7DUlWds5H2fs8nyeUQ,
cyeDz6cN3EZwzzYElWYrJw,
U1uCGHer_Q2mEn_L0Tk6eA,"
                

    Elite 2020

                

    ’19

                

    ’18

                

    ’17

                

    ’16

                

    ’15

                

    ’14

        "
GpOOJLUanlnNoyxmic7ksg,
i12BkJFLKzeYaF9hcmXxaw,
M8YkL0kZyRuBCkzMIh2dfQ,
OY1G_vhUYJJ3HdHfOZ2wrQ,
UkeDbSHVa8v1wZ_Ox0W9Eg,
b1p9dQNd6WIgVRbEMWy2MA,
Bi7-tuvUvhwjl6x8q0jL9w,"
                

    Elite 2020

                

    ’19

                

    ’18

                

    ’17

        "
Znl4iiWZCAZzzZFgopNmAA,
a2aLsf3MvvX9-nuOiQRdUQ,"
                

    Elite 2019

                

    ’18

                

    ’17

        "
wAPmBJ9zTj2LhMIFuoPSYQ,"
                

    Elite 2020

                

    ’19

        "
yCs0M9Uj9UcFi5gxC3kb-w,
9bLLhB3Ji4miHY6I4jxgvA,"
                

    Elite 2020

                

    ’19

                

    ’18

                

    ’17

                

    ’16

                

    ’15

                

    ’14

                

    ’13

                

    ’12

                

    ’11

                
                    
    
        
    

                    
                        1 more year as an Elite
                    
                
        "
GxkY7BqazkQu6I9HBDpbqQ,"
                

    Elite 2012

                

    ’11

                

    ’10

        "
mY3NA8f6H0-i38SOjxyhFg,"
                

    Elite 2020

                

    ’19

                

    ’18

                

    ’17

                

    ’16

                

    ’15

                

    ’14

        "
u9_8gzeUIjlQkfWuDqMQAA,
O6VoKoTQfMu1Gkh7YnNW7A,"
                

    Elite 2014

                

    ’13

                

    ’12

                

    ’11

        "
d8wK8OtY7FYYLWywtMmKuw,
voLygQ0jsWcVWV0YIKLEFA,
yrf3tlFJ9jZINevdKODe5g,"
                

    Elite 2011

                

    ’10

        "
-G7uN6i2oizru8mGfSMbag,
9d2nHTp-txs4INOyKDrf-A,
N9T0TmM7fn2ogAowY_W8og,
4-A1SpF3lN-bXP_e54gAew,
h8AxQkTfRw4WzpEmY54_Bg,"
                

    Elite 2018

                

    ’17

        "
_fqINvA1SYEbqC_RR-egLQ,"
                

    Elite 2020

                

    ’19

                

    ’18

                

    ’17

                

    ’16

                

    ’15

                

    ’14

                

    ’13

                

    ’12

                

    ’11

                
                    
    
        
    

                    
                        2 more years as an Elite
                    
                
        "
pkCT1dac940tJ-NBTUoc-A,
53Jo1w6ShRyROS-59FfMUw,
cjOjLRroqmblizhTwpCqrw,
GUMkbE46mICfP2dNxZ6WEw,"
                

    Elite 2018

                

    ’17

        "
1he_r7kQnK5MXOYqXD-Gkg,"
                

    Elite 2018

                

    ’17

        "
pR6WnHx1fr6ERZBEhbriEA,
Y5wscRN22NKnWRwWlNSIWw,
ejEZJhEJhfCKsl8_t2JhvA,
BoRDC7m0JP1pm1OapkDG7A,"
                

    Elite 2019

                

    ’18

                

    ’17

                

    ’16

                

    ’15

                

    ’14

                

    ’13

                

    ’12

                

    ’11

                

    ’09

        "
iJkJqEOE16Nc7V-8neeBFQ,
Ay6uoEQ60Xn1mxdImBTPEA,
-pCIK2f47lHXiAw-uiD-aQ,
SLLYr_2pqQkHj8jHQUkZWQ,
AKoiOKJrU-ZF4DHvUwsPVQ,
e-bqL8cIPF6f7s6UsokjbA,"
                

    Elite 2020

                

    ’19

                

    ’18

                

    ’17

        "
zb5Qxyx1Lm5Av8WCrZVzEg,
adpgbHFTfeLS3phzuyWF4g,"
                

    Elite 2019

                

    ’18

                

    ’17

        "
zUDmvOY8EUuUkFO3XM2HiA,
WSBgreOK2NyHTSwdfeUkpg,
XcFm9v7a1UgCaLn8zCNltw,"
                

    Elite 2012

                

    ’11

        "
ZrN6jjXI41GP7Oieae6CNQ,"
                

    Elite 2020

                

    ’19

                

    ’18

                

    ’17

                

    ’16

                

    ’15

        "
561iE-dJoyBtqHRJA3L-HQ,
7uSN5waN2zcHWjMMmU9xvw,
jn6vn65m8uwXLmaTXtQkRw,"
                

    Elite 2016

                

    ’15

        "
G4lU6_B2XF7bzYpktT8fpQ,
l8tv4Qp4z6kqv5kH27mVNg,"
                

    Elite 2014

                

    ’13

                

    ’12

        "
1puXXrDMgxUq3tl0EU48vw,
phxulXCSiISD6FfEfGYUWg,
ACGQaOPzXJ-nAMsM7aWn8w,
NKzLGod9KhAItpe73lI6OQ,"
                

    Elite 2012

                

    ’11

        "
N6SaTtER9lLsYVFKAhk_XA,
IhFbqK5F8KbSBcipnDik9A,
oTae-gLGMpNNFxcBn2D77A,"
                

    Elite 2020

                

    ’19

                

    ’18

                

    ’17

                

    ’16

                

    ’15

                

    ’14

                

    ’13

                

    ’12

        "
f4f0qnbLkjGnpUvdrtfZzg,"
                

    Elite 2018

                

    ’17

        "
nbBqUNCuBV-6HVkXgPaSVQ,"
                

    Elite 2017

                

    ’16

                

    ’13

        "
My2vRS6m_ap3bBUd4lzrYA,
Zw367kHQwlNPYVmIFNyf_Q,
xoZvMJPDW6Q9pDAXI0e_Ww,"
                

    Elite 2012

                

    ’11

                

    ’10

                

    ’09

        "
0cQvFxNDRFj1AT0G-eKiyg,
Jtq_pKd7GVbXvFY8YU8kmw,"
                

    Elite 2019

                

    ’18

                

    ’17

                

    ’16

                

    ’15

                

    ’14

                

    ’13

                

    ’11

                

    ’10

                

    ’09

                
                    
    
        
    

                    
                        2 more years as an Elite
                    
                
        "
OgOAgTvmnUmzD7i3oukyuA,
v0vfLcau_a0vL9vbM7erXw,"
                

    Elite 2020

                

    ’19

                

    ’18

                

    ’17

                

    ’16

        "
fx4jUXRX25GG6LMU1mj9Ug,
pcoMKU17hRgNG6JkK-sMvg,
Iu827o9iN7X6Si6Peibt9w,
rQRJ4Mi2EWgNVaVWJGaG4w,"
                

    Elite 2018

                

    ’17

                

    ’16

        "
c4isVD2wMVtDA6m5CRkI5Q,
fefbZ3J59Ca4WMmLKa-D-Q,"
                

    Elite 2010

                

    ’09

        "
kPVjc-ZFRyQhJBFyBLhEEQ,
krJw8HFQMl2lP8fbHvEGuw,"
                

    Elite 2018

                

    ’17

                

    ’16

                

    ’15

        "
37Hc8hr3cw0iHLoPzLK6Ow,"
                

    Elite 2011

                

    ’10

                

    ’09

        "
2vKBn-jGKx3yHIPbqoqZdA,
z_5YhoSqYK98ckatPNwVKA,
mMivsSW2oVni_vJ80Ms7Sg,
yL2hOjz9y6m5Y8QSXmjtVg,
KbGQTCms-kw-7q38jmtJVQ,"
                

    Elite 2011

                

    ’10

        "
DWZgd3W0xKItdYC80Uu7ZA,"
                

    Elite 2017

        "
lVcAzMmT2CUevJIKQwHL3g,"
                

    Elite 2018

                

    ’17

        "
QzRwNwTVjpqEL_CTr-0akg,
xrRbI6AjBdT-kXFqyay7ZQ,
JCBBmqUxWeEX8Y0tmYgD8g,"
                

    Elite 2010

        "
hVSsN5EGe2-h2uW1v_VUdA,"
                

    Elite 2020

                

    ’19

                

    ’18

                

    ’17

                

    ’16

                

    ’15

                

    ’14

                

    ’13

                

    ’12

                

    ’11

                
                    
    
        
    

                    
                        2 more years as an Elite
                    
                
        "
csQ1Y4Q0cteE5qjNU4bVQA,
4p5Y9my0CrHuUtEiCbeTpg,
1Sesuc6RNyiS0D7SNWZiag,
an2iFy7sNHaAuxuuRIhGqA,
H9r0oSBjZ4igDLVH0iavmw,
hLQIawx2HW0qxU4r40RZ0g,
UpVDaVfO1LLhNjBW8ZaMdQ,
eXvQzN5kG6elOpG5ceeHuw,
GDHx5odnBhdcKgF05qJUHg,
ixKdGvJZznuzqNdRF_HZkQ,
ehzvSXsijzgxsYHvXeaS-Q,
OdShhJF-WWJdgvRInU6N4A,
QwbRmiOiNGQR23uvEkW_ww,"
                

    Elite 2018

                

    ’17

                

    ’16

        "
3A2XhP8MVM0BaWei9a4mxw,
bdtNI9ux3uI7_uCev-eDUA,
tlY0QMQDyfjQAEwHnzvFnw,"
                

    Elite 2020

                

    ’19

                

    ’18

                

    ’17

                

    ’16

                

    ’15

                

    ’14

                

    ’13

                

    ’12

                

    ’11

                
                    
    
        
    

                    
                        3 more years as an Elite
                    
                
        "
b4xwyG9_a6kakmtobBRWNA,
pUAdOqQOxvF8LC784zNLnA,
3gXn9Wh6c_bjoBWVqqpX3Q,"
                

    Elite 2019

                

    ’17

                

    ’16

                

    ’15

        "
zDZFWJhnLepW28ft7jmNBg,
KSJsYufhtilYfxcteB5dGg,"
                

    Elite 2016

                

    ’15

                

    ’14

        "
Y1zOiOIt-RNLEJUcIKVkuw,
CCWeUsUzgoF8XLenbNeICA,
A41rulUxanw5uZu-e-r2Cg,"
                

    Elite 2020

                

    ’19

                

    ’18

                

    ’17

        "
miClbIxZOkKbOhNmbCetSA,"
                

    Elite 2020

                

    ’19

                

    ’15

        "
_x7j_RerBqaXgNkVuT4CHw,
JwkJ3WVtRtVowHEXskNf9g,"
                

    Elite 2008

        "
cYyOz1Z2S3smsovo2Vl2nQ,
zAoQhiyp-3zhupOzlxcMkg,
KANWuzz4Gz2gNQH4xC53cA,
VYOQLKuR0Ugy9lU-QiOuLw,
hUAVAdSJgleBb8Av-pe0kw,
-MqEeaw31xIn1U8mSPWG-Q,
r0rbHEB7kWJKhzweCOeyeQ,
dd-xe-JYGEn0A6uiPdgc2Q,
rVFK_yi1OWy4Mq6IsKGWng,
mQYdpkb3u50-Gbln9gQ0hg,
4BKnV2cN8I2HfKe_Cyiwsw,
G-tdXylvavg8nFWDIbZ7YA,
nmbtxCvYfnqH0_ptlvoPaw,
i3bLA4sEdFk8j3Pq6tx8wQ,"
                

    Elite 2015

                

    ’14

                

    ’13

                

    ’12

        "
OmnLuvd9LHtBkK4XwAJSHA,
dw41cEMBHyc4A3NOcAtTiA,
jSlPcjsnw2_5uULfDK282w,
rh5EFNaAMC12Wq8Qy7XRFg,
2u3v0iM7bM-SNZ5GS4-wAw,
jDuI1ZfBxcL5iWEJOWK89w,"
                

    Elite 2020

                

    ’19

                

    ’18

                

    ’17

                

    ’16

                

    ’15

        "
ytK9r8EQ0C4A-phUigPdsg,"
                

    Elite 2018

                

    ’17

                

    ’16

        "
48sPSKZ2JZZMgc1QyU961A,
ACtaWHEcZqExM8XNYWwnTg,
_WYaKcttTZozFqv8NXGO3w,
dut7qWneSzzil2ZF504ucg,
U80mLrQJvumy5y4E7fe75g,
sR22VrWWCDVdd7URQDKlWw,
d0kLd-ENvX6P-pS_StWqeQ,"
                

    Elite 2014

        "
Ziz1dBhYulEfv98sPj9NIw,
OWmbqMLaROYPpqEkDRCUPA,
5xMAGLoMpAX6ono8qBNx4w,
dAdmWvykaBvtzHMaQTUomQ,"
                

    Elite 2014

                

    ’13

                

    ’12

                

    ’11

                

    ’10

        "
67qcRXxAOGb1mFVF52Hj8g,
1HbaenVrClTz0DVNdTFF1g,
gHWrTawDjG6gdY0Ttrv3GA,
G0qlYRwTNvvljdE4mO0CRA,
ZajOrvRZ_fCg78sHcgfLmQ,
EoxeNOAiEfBEI21SrIn7cg,
q_Ys_qpqIa9Rq_jqe4pHoQ,
HtXF9L9RzfLA0c3ShHuifA,
pAyF9FwEhAzGUJz71lQOQg,
FU8FWqkyEcLjz6Nl40rDQg,
Dmk6ehmHt1OUwPvN6TOEpg,
CZ9tjRyTysHGwk1DsQxmDA,
h9stsH2vvCmhwHdfkc_1kw,"
                

    Elite 2015

        "
JjlnRPSsr0CyBoIS-l5m2g,
vXSw50X6SurDHp8MpOSvjw,"
                

    Elite 2020

                

    ’19

                

    ’18

                

    ’17

                

    ’16

                

    ’15

                

    ’14

                

    ’13

                

    ’12

                

    ’11

        "
2u_N2umWr3mBph452JANnA,
xBKNibCUd7f02PbUzWb1XQ,
9CtiTmbddeXN_obDR67Z4Q,
j8NZxHEPYCYTLXWi_1jPlg,
MklqyU8t3AfR7V_9VWPGlA,"
                

    Elite 2008

        "
UHQ6Gwdt2ujYjhLxleMZqw,
91r0ZXBv1VhCSOCBnfJShA,
kJZpC_cTT30XE_2XjLEczA,
1NE0bTXZW00LkuACBANjDw,
RyswvvGaRx2TOuxuAE8Npg,
RTWsMisf73pGnbagf1vmvg,"
                

    Elite 2015

                

    ’14

                

    ’13

        "
_t2uGmOS6Z1HmUB-gH0fdQ,
eqav5CqqFPgqEjCTUVH_nQ,
tt9Ribp--2ddSLKc2pIXvQ,
wlJkEC5PiLOF4i9m8TrSgw,
vUzGRCfBuDm-N2AIZ4W6jw,
y28nm7w3gwxskvTgOFpRlw,
7j6jxFVUhwtILeghIlKdxw,
Xg9eL67oQo_2gA_aVtPnPw,
MgNkhX_twE5Gp9BK-yWZPQ,"
                

    Elite 2016

                

    ’15

                

    ’14

        "
rZu5M6e0KtjGJfy_-YqCPQ,"
                

    Elite 2013

                

    ’12

                

    ’11

                

    ’10

                

    ’09

        "
8_ynsBLLXaxQ-2ge0wZSIg,
SnaOPYktz-Y0oDRWjIErzA,"
                

    Elite 2019

                

    ’18

        "
MkbtjZMNS9Kd0yDNuCsRjA,
jYnkJR3T8yCERXywoVhWYA,
PwGLc7JHLGeagFmMgdrVFQ,
AveS9kKxrzFRSqhA5X6LYw,
C2ULqOR8GTPnkcatedrexg,"
                

    Elite 2015

        "
n2gCfW5-hGgINRxGAru8zA,
Rkd-G2kMpOtY8nMCZhk0AQ,
4UoDlO9zZhxbY-qbJQVLgw,
-onC-AjB6FVFY5PhZ9cpLQ,
jCCdn9lGjk7oB7nwApZkfQ,
eVufnL_jVKhqqeaAfysgCw,
IWO2B10fmT27HEK_4euzyg,
o-aM112oDNFllAt_ddGGug,"
                

    Elite 2018

                

    ’17

                

    ’16

                

    ’15

        "
i9NRpEpkKQhM_OVCBQJmzA,
huzMbl0BU_BS-cRFX8mY4g,
zHlP1D6ZPY0t-N7RQxdkyw,"
                

    Elite 2015

                

    ’14

        "
Gv9jC7n_UNbKfv04W_Y7Ig,
gAobQ6qbBh0BqCuhuI8Ebg,
8Hy1eqAMeYF_iIarbOv-ig,
OgMBBi7DpxEpmpLWUJPC3A,
ewtoMdU18BDfoEnRsQ8QiA,
VTwWq_XY4BD-9OmcWdlhiw,
Ev8qU5lKyk2nl2lomFw99w,
_Lx-C5momD9O0Xz06u5SCw,
wm01ynJfLR2oc_XFy4D5_A,
YKQc0BljAf4vUvsCVc0fuQ,
btk3ZCxMwLxVU5iQNJ8JNA,
7pejH9RjgZpzOtW1EVkBXw,
yVnuvMmugR5mAsukYmvmcA,
JKpmXXLIOzWCsen1T2PzKg,
vxRgc6S1mgXbZGXOE5nylQ,"
                

    Elite 2020

                

    ’19

                

    ’18

                

    ’17

                

    ’16

                

    ’14

                

    ’13

        "
cTkwhMLSavNOO_swPKf-ZA,"
                

    Elite 2020

                

    ’19

                

    ’18

                

    ’17

                

    ’16

        "
3hUHhND68ln3NkQqwMzwZA,
L8GB1sEXJrVfR-UsDRjI-g,"
                

    Elite 2019

                

    ’18

                

    ’17

                

    ’16

                

    ’15

                

    ’14

                

    ’13

        "
ZDiHlPMQ-ZXlUtOpwcdPHw,"
                

    Elite 2014

                

    ’13

                

    ’12

                

    ’11

        "
QHi10JYpn27otgp1gmyXaA,
qgbRvkZ8tUiAtNAM34YBzg,"
                

    Elite 2016

                

    ’15

                

    ’14

                

    ’13

                

    ’12

                

    ’11

                

    ’10

        "
sjg1kHU9bp6meRpxTBTGxw,
PKprQRd20_P1GdWp8J60vQ,
y8nSirATnJGpaEQFO5hfbg,
wJ3Oq79_e0SEunKUuPb8RQ,
8KogWBphNURSrHWR-xSYFQ,
_vbEQU_xD95RZ-7j93z9hA,"
                

    Elite 2020

                

    ’19

                

    ’18

                

    ’17

                

    ’16

                

    ’15

                

    ’14

        "
iDOl68Yu8ggMUYTYjkS7XA,"
                

    Elite 2015

                

    ’14

        "
DZX8gYuOpgoUXAQFuKKgSA,"
                

    Elite 2016

                

    ’15

                

    ’12

                

    ’11

        "
Ah4eKpJjMho3PMA0PQu_jQ,"
                

    Elite 2018

                

    ’17

                

    ’16

                

    ’15

                

    ’14

                

    ’13

                

    ’12

                

    ’11

        "
ndeFLfQ0xCFIbqQQZaqYtA,
wJ1mCq5-d6EzMdjf5yGLng,
NPiaRaajutVJ0FjBhw7viw,
jbqBwlszt_3eiuv3QnEWvA,"
                

    Elite 2020

                

    ’19

                

    ’18

                

    ’16

                

    ’15

                

    ’14

                

    ’13

        "
7V8ho5mR4iAsV8bV4KUUog,"
                

    Elite 2020

                

    ’19

                

    ’18

                

    ’17

                

    ’16

                

    ’15

                

    ’14

                

    ’13

                

    ’12

                

    ’11

        "
hCUHapmmr2cf2Or9us32sg,
EZhT9mR-vSrVaDG3lhPFWQ,
6hwpXpewvOEhcJhBQR5h1w,
-go-R_jzvYLYngQbfKN4_A,"
                

    Elite 2017

                

    ’16

        "
CWhTrbVsNFkmgrxtglEsYg,
Qvzq9Ufc8gcraiesYjt0eg,"
                

    Elite 2018

                

    ’17

                

    ’16

        "
P9QkVVvnBbvlg7DoGtZ0Cg,"
                

    Elite 2010

                

    ’09

        "
l3uw7Juh16NUo7zYhD9oLg,
Y8RDlqlDgOL0n-tjFvWdaw,"
                

    Elite 2020

                

    ’19

                

    ’18

                

    ’17

        "
3oKa-N4C5gUrT3NsZAYaMA,
Mi84ZHvPpio7yAlkwWWh7w,
3DHckllhfEWrE7DH2526Rw,
nMyXgfaASF1ZN-MNMoABSw,
FgxomUUwhT8ECRtYbXnU6A,
65--OowKwB4JVa-nWAcuTg,
DzHwglr8txDxp0npUVqqGA,
UwRwqf4H7YouBeuCpx2zkQ,
1URF-0FRAQc7RBaO08hY9Q,
jBxVdqnEn_ki7-OhAMFmUg,
4lZSIjLR8iYmtFUO4EiHzA,
1UBbtDQM1xX2_EsGzhuRhQ,
kctjPFOYnF0EmKdIoxgTIQ,
aSsjbZTrFQhT48GYpeXq0g,
t1K5MnyW5kZj5ToTA274IA,
AzcB-NUs6hOxbq-BVqzd-Q,"
                

    Elite 2016

                

    ’15

                

    ’14

        "
6CEKvcoAw5vvDLxgx4SPfw,"
                

    Elite 2015

        "
kgda-DyfZoStAAIQcLRg6Q,
BHtoidihtrNM2wjJJtwtAA,
Pmi86r9-4bsKFjH6NXghLA,
9zd1fREomLgXom31662q5g,
fpRjFpHQLcmHF0VuDDdkxA,"
                

    Elite 2017

                

    ’16

                

    ’15

                

    ’14

                

    ’13

                

    ’12

        "
LzZ1K3kxBxqJP8bLDuJTcw,"
                

    Elite 2016

                

    ’15

        "
DtnH690w5H1Yb681egz5wA,"
                

    Elite 2011

        "
2jPoRSRatn3enHv6zZP9mQ,
lMRg33OW8b8nDrIPX8VKcg,
GAL4DWCih14WyW_7dxi41w,
oBlZFArLZ8twewOh_e7lfA,
xy03ojHOL1JPNbOddsqovg,
_1TOM7pVEnCkbYB2AaKdWg,"
                

    Elite 2018

                

    ’17

        "
Z0GBHiE7QpWlymLMnUP8SA,"
                

    Elite 2017

                

    ’16

                

    ’15

                

    ’14

                

    ’13

                

    ’12

                

    ’11

        "
lZj3Utk7pIcujJ_h8eObCQ,"
                

    Elite 2020

                

    ’19

                

    ’18

                

    ’17

                

    ’16

                

    ’15

                

    ’14

                

    ’12

                

    ’11

        "
RkRNFFVLAtWA8lCs_2AA8w,"
                

    Elite 2020

                

    ’19

                

    ’18

        "
Nnj3ruPZYx4md9NU1WvOww,
axet_GNKLfDxyzqLcqL76Q,
niIGJN8wxncMb3nGgYvdXw,
Y2znUUlJVlBXxlMZ4I24zA,"
                

    Elite 2020

                

    ’19

                

    ’18

                

    ’17

                

    ’16

        "
kfvHsH-AHfwCy0p-dQb7Ug,
Ej_Snq6Vez6IO0vtu-oJnw,
RqEy-IrBg2WSUDGOj7JH4w,
sihOcaJHIHyexe5v35O4pw,
PmgqNO0-5Y3e3UoR61TD7w,"
                

    Elite 2019

                

    ’18

                

    ’17

                

    ’16

                

    ’15

        "
ZD-ncNcCxg6o5QEUBFb4cA,
qUDemHo0wE__uags3LhsCg,
OEfGFwlVkwgwTXfva2bSoA,
i4dYyTSmuScDskwtCMHSMA,"
                

    Elite 2016

        "
c4H8BhgWKmncjWu1hzyA0g,
nFgdvXE0NfqQodRq1xICaw,"
                

    Elite 2015

                

    ’14

                

    ’13

                

    ’12

        "
YQPDBJKKFFseQybsvo2rog,
HUnR9t4WENOx8lszRH_n-Q,
W9_D98atQWeuQCO_pV2apQ,"
                

    Elite 2016

                

    ’15

                

    ’14

                

    ’13

                

    ’12

        "
eYGamhONULMN-YWKQgz_dg,"
                

    Elite 2009

                

    ’08

                

    ’07

        "
kTYWaZrSr6JPtTleFVR15w,"
                

    Elite 2017

                

    ’16

                

    ’15

                

    ’14

                

    ’13

        "
t3fjTrZjl5EDo_7XseFGOw,
kyqvhn4xQiHulrqOibDWhA,
olNxhIC56Vhy-out4aMtOg,
jtM5VdyRZwsWK7Zt5xoCww,
FxyiPhJD1L6yx4SJMpXhxQ,
1FB1Vc4zne5AJAliqdMeWA,"
                

    Elite 2020

                

    ’19

                

    ’18

                

    ’17

                

    ’16

                

    ’15

                

    ’14

                

    ’13

                

    ’12

                

    ’11

        "
8Ni1MmORWyvW0lJHJiqiQg,"
                

    Elite 2020

                

    ’19

                

    ’18

                

    ’17

                

    ’16

                

    ’15

                

    ’14

                

    ’13

        "
sjNQDlDq9d4TqF4U8E5_Lg,
TzNLJk71OoTL293YP8sghA,
0b6EVoYxrt1U9U00kf5uig,
WYR3VF11vMMf0HT0rmD8mQ,
Y4vT671r4bK4HFLM_4b3CA,
af_SZ1mFBlQicaHJenSPQw,
ZNtr8ZhZUTQBADUUGtt_eA,"
                

    Elite 2011

                

    ’10

        "
1jZSdo0PHUxiH4WS9KWO1g,"
                

    Elite 2012

                

    ’11

        "
w2PyT_BYJSHOlCyxh8LzzQ,"
                

    Elite 2012

        "
eBnedff2L15dAxfD_btx-Q,"
                

    Elite 2020

                

    ’19

                

    ’18

                

    ’17

                

    ’16

        "
UJYY6gxo-F8cWV9oCzRTeg,"
                

    Elite 2019

                

    ’18

        "
HKqSsdtAIvq4nOPdFSbR4g,
mtpQBE8yTL8oTo0KrJcd9A,
HQqy76sEebYSA6f5U4BEPw,
U-hWiEpEZo_-Xv4Qgrs9Tw,"
                

    Elite 2020

                

    ’19

                

    ’18

                

    ’17

                

    ’16

                

    ’15

        "
LrBdK9HdRUHubu9CJVkSxg,"
                

    Elite 2020

                

    ’19

                

    ’18

                

    ’17

                

    ’16

                

    ’15

        "
XkUwIsQ3X_RcGz16ivJtRg,
t_sjtqBjKhxedjUxoVJzrg,"
                

    Elite 2019

                

    ’18

                

    ’17

                

    ’16

        "
aM2vN1DjTI41VPRIroZ7lw,"
                

    Elite 2016

                

    ’15

        "
YJaSGjx8xvIXSDzr2EeaYA,"
                

    Elite 2010

                

    ’09

                

    ’08

                

    ’07

                

    ’06

                

    ’05

        "
bZ_h3I3mkYYdZVwmvE1z_Q,
IkqPojhRHhZ99T5KG90d2A,
FC5OCsFcOvdtJlwc4191iw,
KqYPw_V3OFNcoU9lhSeA5w,"
                

    Elite 2019

                

    ’18

                

    ’17

                

    ’16

                

    ’15

        "
iDqwR72K1RvutGk7mcDBFw,
aQkD2UdJ-0T5X379Wh_q_g,
9e-zfLz93Liz1qEiRr8X1g,
LQwp0HU9bIZ8HJKdlwm_lQ,
3iuuvf486gNPTq9HQMW4oA,"
                

    Elite 2020

                

    ’19

                

    ’18

                

    ’17

                

    ’16

        "
TsEE8dZYoAa-Tzzem3yjRw,
5Qo2qSwd_uLWL8E6j8KS7A,
E3S7LRAsvuQ4gOpYOfRBxQ,"
                

    Elite 2020

                

    ’19

                

    ’18

                

    ’17

        "
-WI1LJaxtAyiw8dYQfkWIw,
rlP5pS75Ve4CRP6GhrCJWg,
528yrIojnSGOixm_9OMebw,"
                

    Elite 2012

                

    ’11

        "
G8e6_YIaEBGL8kD4RM1ONg,
b1pbxsFOWwouk5kJC29PxA,
rxhT5zOmYHCxzSWz7aKSYQ,
4HmkaXvHky89gQBRLQx2Lg,
eTwFkPcZYVd9p98CCvdsOA,"
                

    Elite 2020

                

    ’19

                

    ’18

                

    ’17

                

    ’16

                

    ’15

                

    ’14

        "
05JfaEt0G7wZL9yCEYSv3g,
sFheCu52D-qFMoWLwBxlYQ,
Ue_7yUlkEbX4AhnYdUfL7g,
uzj4hqbZuBd_oyu-Jnwjkg,"
                

    Elite 2020

                

    ’19

                

    ’18

                

    ’17

                

    ’16

        "
F9EnpbX7KE1gHtOEYx40AA,
gM1BruINlqeDPiqIX2P5eQ,
krnBU3b6x4iyv7p2DUhebA,
EdymzRNejR83Hwe-KwS_jQ,"
                

    Elite 2019

                

    ’18

                

    ’17

                

    ’16

                

    ’15

        "
VbyBKyEO8ILmadlALHsBzA,
rb_Q7jJFWbVr6K9hCCbSqQ,
fJno8NKEYiSutL7cL2Wewg,"
                

    Elite 2016

                

    ’15

                

    ’14

                

    ’13

                

    ’12

                

    ’11

                

    ’10

        "
KiarFhMesIM2B436v0xUrQ,
rvJHU_zW4xK9F7j9oLSEYg,
mGKsTHPuAphM4iC0aJddTA,
SvwqydYYKQGPaosBzXi5Pg,
hLXwVaq1WVA90VMAag0Oyw,
YjLsB9to7HNUq_bs-_MPUg,
UzOSK4xJY0bgNbPrg52lKA,
PGIXOlYlxakx2WH3RqqBBA,
kdi1S-3EZLboXjnFYMbKpw,"
                

    Elite 2020

                

    ’19

                

    ’18

                

    ’17

                

    ’16

                

    ’15

                

    ’14

                

    ’13

                

    ’12

                

    ’11

        "
9IZGrDBEWNT9b-jTSWIezw,
W4uVsubKLfF7lF7DkfSEvA,
s7yc0LzJCxnIEa-gQTXp8g,"
                

    Elite 2017

                

    ’16

                

    ’15

                

    ’14

        "
oJwyVO7h3wzaYJH0GYqf-g,
kZnSGYEx0mLVGroGtZiXIA,"
                

    Elite 2011

                

    ’10

        "
dpyvUkvuxAgA24wXHxAbRw,"
                

    Elite 2017

                

    ’16

        "
TDB3aBTr8cxVVWyQf5Gzhg,
MvDIbkXaYoP_6r-YbEqyJQ,
FU-pPKqjVl59QGOAj7HRqQ,
Dric7NeTtWLz6-XzPzQvvg,"
                

    Elite 2013

                

    ’12

                

    ’11

        "
3UeyRcDKHTpAGvUtjn3Ckg,
ERzkaZ3CB0bofKlN1Ebklg,
h5bp8gnhYGF23GIlvMyQ1A,
CFL1vDhDfriHesGPJX09tg,"
                

    Elite 2014

                

    ’13

                

    ’12

        "
wf9a0Gi7MpWNtsyCJgkxIw,
RNZXpQHhPyKrnhe34OtJJQ,
ibu5oOVo9sZSzuq6gGmNoQ,
Lm-MC-A14Yf8AytptqFYlA,
5402ldG6Gj_3ByCG44zWVw,
S5XR_Y4oNHOX1__CzsE6KQ,
i1tdRkZP31hOjKz9r5ezXA,
cFRX0enhruN0GvrmH6Bc_A,
Zl6T0ZXMWuFj4nnCU5XgbA,
DIZ2I8nLKq8M8aTIB8_RJw,"
                

    Elite 2015

        "
I6_iSxnhMqffRc8m6jOr1w,
aAcBZsAg40iD3-iyJiVwwQ,
1Ogar-nsXMQuU4WkbnBUew,
tDGWLXur7KpgT_3-oX1qfA,
SvwD0zPT9So6cqgEsAhmWg,"
                

    Elite 2019

                

    ’18

                

    ’17

                

    ’16

        "
d9NDXTfq99_KGa5BZ0NnkA,
xhlcoVm3FOKcxZ0phkdO6Q,"
                

    Elite 2015

                

    ’14

                

    ’13

                

    ’12

        "
0rm_N4eRBuYtoH3udPwuRA,
XT06McUUgrEVvkJZyN26WQ,
z3WwI1LgffKth_7AIb9cOA,
fGCTzgHmkoaJ_wfwVj52bA,
zN9eefIbeqiYAb5KTvUwmg,
l5FqHc7L19VVV0q9-v6iLg,
z33YcXRUwIy2kyYwmdon7w,
MylxjEKiTeaWb-GAaPA-zA,"
                

    Elite 2020

                

    ’19

                

    ’18

                

    ’17

                

    ’16

                

    ’15

                

    ’14

        "
dpT-xCPugNXyZX6K49xNiA,"
                

    Elite 2019

                

    ’18

        "
9MD2Ry2jQ08z1_4VKpEmfQ,"
                

    Elite 2020

                

    ’19

                

    ’18

        "
j6c0PKCAHiR6tI2EqZByow,"
                

    Elite 2020

                

    ’19

                

    ’18

        "
nfVLmxDXGgiVCJDMXwRkUQ,
SMgIK1rXg6vzT_jXLUTodw,
Gu5sjMHJZnUNjor3ukUSkQ,
65mAHdHNPf-L5faJCIUb8A,
mRRBsLGEzcTVM4pVaxxUWQ,
IBhi5Rzy1YoT5-z3I7qp9A,
pEzb9RfmnD2zn5wUPpdmzg,"
                

    Elite 2019

                

    ’18

                

    ’17

                

    ’16

                

    ’15

                

    ’14

                

    ’13

                

    ’12

        "
zE7DxGeVNLkRobO4i_A38A,
_iVVwYhqTl8XGuxnJGySNA,
8C2wcfFiXqfY-dkNUl-6TQ,
7bj1ntS7DuqabLNhr8rsqg,
tZ7yJH6C6XEcIqaw8JhD3w,
-8LPYwJIUXBlhNFD5mb4yA,
7JAdkaWbXuXA4YULqxKaMg,"
                

    Elite 2018

                

    ’17

                

    ’16

                

    ’15

        "
abnJFAcj6L_dd9WvOaSJIA,
I6amR7obmvnJWT-D-J6u7A,
2FyZ6X8aDfYBJYltaE0WdQ,"
                

    Elite 2018

                

    ’17

                

    ’16

        "
cGQvnG2yFJK_GCkqGl7RUw,
7zHxe-0oXtWTaHydRfIsxQ,
qZeX1ZZkN7DXk10keuGOhg,"
                

    Elite 2020

                

    ’19

                

    ’18

                

    ’17

                

    ’16

                

    ’15

        "
PwNTJJhmw-nHz0TCb011qA,"
                

    Elite 2020

                

    ’19

                

    ’18

                

    ’17

                

    ’16

                

    ’15

                

    ’14

                

    ’13

        "
_5keMAmic7zzrnM5mVefBw,"
                

    Elite 2020

                

    ’19

                

    ’18

                

    ’17

                

    ’15

                

    ’14

        "
ZfWx2iL3J_IiDvYLAfDS_w,"
                

    Elite 2017

                

    ’16

                

    ’15

        "
xv-qBSoAIikdyh9GRiKLuQ,
GBsu7V76SXVvx1gwJVXilg,"
                

    Elite 2017

                

    ’16

                

    ’15

                

    ’14

                

    ’13

                

    ’12

                

    ’11

                

    ’09

        "
EIFqVewpV_IxCoAnQdp3MA,"
                

    Elite 2020

                

    ’19

                

    ’18

        "
v9NLnZg7lei5AWLcQOL9DQ,"
                

    Elite 2013

                

    ’12

                

    ’11

                

    ’10

        "
iJKLsFtgWtVJEdjIjeAqsg,
-CRqd1gH6m9qG7tWTm0Ltw,
-jJTm50YRw71h_F9xJ3bmA,
gmM_G3MQy4IFDFrFft3KcQ,
RvaNCv4vdJEkBfNIWqxV5Q,"
                

    Elite 2014

                

    ’13

                

    ’12

                

    ’11

        "
fliBrpbpyOh9CCFNRof2_Q,
PejKZGK3E27-4L2k0smVoA,"
                

    Elite 2019

                

    ’18

                

    ’17

                

    ’16

                

    ’15

                

    ’14

        "
O8FPkAq3A1kRSaOd_IuukQ,"
                

    Elite 2017

                

    ’16

                

    ’15

        "
wRLuvLR6xIzC07sOS419ZA,
zJioeAqEDWifeTngwyOVSQ,
gYuR1zTN2Gkuadbeqr7YhQ,"
                

    Elite 2018

                

    ’17

        "
tJ4FynHDwqUUrhKAWxjGRA,
xhysVvQVs5XkkdXFTbPZNw,
kmWSFdnUTzHuPxmuYSCoqw,"
                

    Elite 2020

                

    ’19

                

    ’18

                

    ’17

        "
DXkOwvfF5Z6C_S6jzfDsDw,
BksOTAAVW_svKb5eDOw1Ow,"
                

    Elite 2012

                

    ’11

        "
P555hOXndkHWPKf3C5b7OA,"
                

    Elite 2020

                

    ’19

                

    ’18

                

    ’17

                

    ’16

        "
5fXjh_yFAJvKRUIDBg_28Q,"
                

    Elite 2017

                

    ’16

        "
be_oI-PCDFGil2M-MEX64g,"
                

    Elite 2015

                

    ’14

                

    ’13

        "
zXJYwYVGSAuX88vUYDlp0A,
ITf8PiWzmTzcZu3kRWEoGg,"
                

    Elite 2018

                

    ’17

                

    ’16

                

    ’15

        "
T9xfkjF1R0a_fIjZ-7Hofw,
vU7fP7uAWF3os-7woIQAXw,"
                

    Elite 2020

                

    ’19

                

    ’18

                

    ’17

                

    ’16

                

    ’15

                

    ’14

                

    ’13

                

    ’12

                

    ’11

                
                    
    
        
    

                    
                        2 more years as an Elite
                    
                
        "
bFMAAZk0aUQHvp4gY31Umg,"
                

    Elite 2020

                

    ’19

                

    ’18

                

    ’17

        "
WXNi47QBnu0CkMBRsnKEqg,"
                

    Elite 2020

                

    ’19

                

    ’18

                

    ’17

                

    ’16

                

    ’15

                

    ’14

        "
pgG5DNFi6MMf5UO8cPSPHQ,
LRnrSkBcWthIZDV5DMA39A,"
                

    Elite 2017

                

    ’16

                

    ’15

                

    ’14

        "
DvDEccGguYTxxPDNU35y8w,"
                

    Elite 2020

                

    ’19

                

    ’18

                

    ’17

                

    ’16

        "
GPQEegLxfYuCew6HD5ff0w,
7p1FfxnjZAuNydjLKEW_Yg,"
                

    Elite 2017

                

    ’16

                

    ’15

        "
2vnDqgbR9RWQb_ddeiT4tQ,
OEgyl0vbHq4kRZS7NYQs-Q,
3SepPI_mK4I1p1b8WGR5KQ,
9I5sc7B5sPKYvHdc63BBZw,
rsIB1EKuV6sIj1sbnhzoFA,
xlOlfbSXFDSERe8wwCslcA,
QdO1g3UqwyKDOxZV54CKXA,
x1Q7mZZWqaYGquaKnrrBMA,
66U5fG7YFO1l3cjG6LEuQA,"
                

    Elite 2020

                

    ’19

                

    ’18

                

    ’17

                

    ’16

                

    ’15

                

    ’14

                

    ’13

        "
2lMLkXk9bm2fJoAcffzWqQ,
9EkrYJIoOGURj_4Pqk8Mqg,
TsBUWbhRhuiEMXb56kL0Cg,"
                

    Elite 2020

                

    ’19

                

    ’18

                

    ’17

                

    ’16

                

    ’15

                

    ’14

                

    ’13

                

    ’12

        "
41FnyiIy-qXCSNQA3Xa4rA,
yFN0-GdUWzRCHFF3u8OaSA,
VzYAs20EMxRaE-3sEW5ebQ,
9bZBd8QwCpcVUdBKQMb_1g,
bIJvtjwjzte9rF0s7_Z-8A,
rmw8xK8XEmo9yPPrIRbO5Q,"
                

    Elite 2020

                

    ’19

                

    ’18

                

    ’17

                

    ’16

        "
Ddl3e0igk2aI_VD4e0gL4g,
5pbD7NLL6evYdsydnRhRlw,
ljybb0h55DDvaoMVolrdXQ,
hg-ZJVXXnkcXde6cnb5igA,
8Se9fmu3-K_d0KdjFyzWYw,
ucj0RT3ZsWHFXQssLq-wmQ,"
                

    Elite 2013

                

    ’12

        "
Ls_ftnkT9FTSDyWl3BTgtg,
oqSxDsVuHRIBksCp0RJ5XQ,
NM4Lz3AqIBBLLHFac1s2nQ,
v5tufZo0shrEZocnCPu13Q,
_vOYQBy7S-K6n_bmMA9BCA,
UkLiM2r9UcVXdx81JPGZyg,"
                

    Elite 2017

                

    ’16

                

    ’15

                

    ’14

                

    ’13

                

    ’12

                

    ’11

        "
VECsuFYtWH0WhMJ5baDCdQ,
3RDrQ4G0ZbOYl5Jq9njvCQ,
bbDkN294KpYiUfODa10cEQ,"
                

    Elite 2018

                

    ’17

        "
Qkey-Jvxi6GdT1sIR5JoSg,"
                

    Elite 2017

                

    ’16

        "
SIbphJRSRzEkv0kMh6XtOg,
c1TZj4ycuImrQoXTNE948w,"
                

    Elite 2018

                

    ’17

                

    ’16

                

    ’15

        "
P44rMHIMlDNntn6vDaGi0g,"
                

    Elite 2015

                

    ’14

                

    ’13

                

    ’12

                

    ’11

                

    ’10

        "
PgcpupLBmQ3idKPIrqhmkg,
J-7LjaCYzRi6CkkUVeiMQQ,
R1PCyy2n0NLWr1NlTz4fmQ,"
                

    Elite 2018

                

    ’17

                

    ’16

                

    ’15

                

    ’14

                

    ’13

                

    ’12

        "
cauoTO3DhNm-cVMV84oSlQ,
eHKFHcKce8rFvw9HhDFKZQ,
jfMq3bfV05M11jUqWR9GRg,
yyp13q8IDxLZKGS3xzB6ww,
mR1xiRlw-mJCMQNzhe6Orw,
_2xIa8WghOExmj6XgOIxJA,
GukQH6pkW8bhBFrWXiZWhw,
STOujXwWbYsZOHCfq6Rq4w,
-pXs08gJq9ExIk275YLvPg,
71Bg9Qznmd6c1qUlNcjjMg,
P02MhyzT34Plbw6l1Dx5sA,
ke0wwp9Dx5CVUWP18keLag,"
                

    Elite 2020

                

    ’19

                

    ’18

                

    ’17

                

    ’16

        "
Slweblxj1E1U3I9x3yR2rA,
mzXDuhZBPdHfMIk1YXP0mQ,
0A_4U_bLmCNVo03ZZwhSJw,
r3Lqz3VtxwAFVnu-uj3I_w,
fSyQM_n6enHxvOBQ0Q86oQ,
1qXMs_wl9ejWn_zm0MxHuQ,
3DcOoQX4Qm1LKLxNnxrCKg,
9TBBBdIIU7OJH7O0LqlI0w,
DyXMwHdXzA0XC28ynXzGug,
dwsftto-NyQATKmJIhz8pg,"
                

    Elite 2013

        "
mrPUDzaxNQDc-JXG3JmuFw,"
                

    Elite 2020

                

    ’19

                

    ’18

                

    ’17

                

    ’16

                

    ’15

                

    ’14

                

    ’13

                

    ’12

                

    ’11

                
                    
    
        
    

                    
                        1 more year as an Elite
                    
                
        "
Uc2jM-Hpul738uz9fUR51Q,
bQ_y-LRjQ5mMN2KbZazA6Q,
ANzR73RKDqk4w5jTCDWyug,
8bSgruMdg4a_owtO-2EMFg,
NeQw3MKelZqf3H7jIiSVfw,
Ajxo_jYrugrE2lWf9AiNMA,
GqHVcg3yBZAOdCjg109tkQ,
uhtAM4kUlKSgdqvit-slFw,
aWkLowqiglzLO3r1Jg266w,
tYnbeh6Bbg6k-6aY3DpZLg,
UiK9iQARJWbj3UpcLcFU2Q,
njxs7W6MJHV4E1nnSYmC0g,
4Cyt6XBvze4c8U65fqbJ5A,"
                

    Elite 2014

                

    ’13

        "
oFPhYcu-VD1rdhMp7M_YZA,
6UpjDkAgTbaBk-75lSEcXg,
J2Aii7GdFK7Caxem6pk7rQ,"
                

    Elite 2016

                

    ’15

                

    ’14

        "
rpWNR-hbny2xb3QH65rO7A,"
                

    Elite 2019

                

    ’17

                

    ’16

        "
qcLHpcGmNhxrKad5E7f7eQ,
yeV3nVEuPK1RV8kjjKmZkg,
Tgckr47CjfkhFG8uK-oa5w,
V1SfEZ-18JMTIzI3XFXxTw,
HoPbdqGo8nV0ookg0rbKvA,
Z-Pv7d37bIAyppCgSBV1gA,
tCfKY7zsd4a5JKTEoFQgfQ,"
                

    Elite 2010

        "
MSwwRNIbsv5RSIVw_LY_2Q,
Q2IJZJwLfjcpoDFBdj0xGQ,
pj4yb93ydJUqGQjrajwdtQ,
pPe_Hsm44QOar_dYYFKy1A,"
                

    Elite 2020

                

    ’19

                

    ’18

                

    ’17

                

    ’16

                

    ’15

                

    ’14

                

    ’13

                

    ’12

                

    ’11

                
                    
    
        
    

                    
                        3 more years as an Elite
                    
                
        "
VNYOr_jvLzQtEd-zpHoYPw,"
                

    Elite 2010

        "
Q5SiJzC3zZNE08meRhYz1Q,
rTpsaH0Hz7XW92_tES1B2Q,
78jA9znm7XbgNYVsQ7M-UQ,
6KbepFkJnQS4xvZG4IRXMw,
zvikoTZZK4HYz6yWb8g-cQ,
neEffjcxrjMtHxcO0mV1Iw,
c7Xner-O1UYds07ljYoZvQ,"
                

    Elite 2020

                

    ’19

                

    ’15

        "
p9OUxMKlyRkOueYAeHuXig,"
                

    Elite 2020

                

    ’19

                

    ’18

                

    ’17

                

    ’16

                

    ’15

                

    ’14

                

    ’13

                

    ’12

                

    ’11

                
                    
    
        
    

                    
                        1 more year as an Elite
                    
                
        "
B70Ow_psWWj2S8jxJqz8ZQ,
ic-tyi1jElL_umxZVh8KNA,"
                

    Elite 2020

                

    ’19

                

    ’18

                

    ’17

        "
mfdb2wCYv7yiu0fyzFKMBg,
f8JIDyRkzWPIW91_6Vco7A,"
                

    Elite 2015

                

    ’14

                

    ’13

                

    ’12

        "
ENZj-rbn0jipoQP3P0g_PQ,
x-ljBV3i-oMvej8h9iHQBw,
qNDQDKGjpwEfcrxihAzQfg,
YuP_W8Ol0PtdsPB3Omz2-Q,
wGSyWECCQkAfFtZryEWvgw,
hDkO9F1mMpQ2-cHwyzUTzw,
iHee8ZQ6RC9KosA4nGAaIw,
y3al0Yv_Xcg_oD58yp78Xg,
thx4OvDi4TTQnTyh-qGV8Q,
3wx5FmMFNqiR9kzqpSejig,
URHw69BMSFSB4FfKj1kIZA,
2-U928U3Oh6ojhjKuP6gXA,
7qsSe-2XHTl7RqlrqwPTQg,
UFhRZ6J2XIlO8gq5rvUDJQ,"
                

    Elite 2014

                

    ’13

        "
P2rW4b8uQWyTUwRVYPk8_w,
GVc5yIazEGQBNqmQzD7g3Q,
7xsmfHhxOxuXcOt9chn1uw,
eJDduYY6ePXUdXx9F4jSag,
qrT8IXzmle4htNioV2T3YA,"
                

    Elite 2020

                

    ’19

                

    ’18

        "
83KVAVXmGogr5uj1mtGUiQ,
C3wJYcNbb1aA1upSAOdBeA,"
                

    Elite 2017

                

    ’16

                

    ’15

                

    ’14

        "
MxJlWj3Bzn1BGvjb0fM7hg,"
                

    Elite 2014

                

    ’13

        "
e7MEzEQMjqNPZfYthZKhwg,"
                

    Elite 2020

                

    ’19

                

    ’18

                

    ’17

                

    ’16

                

    ’15

                

    ’14

        "
tzxy-MNOluz8X9-P-AAicA,
kFIGUPw0KOmqnNYL_4WCng,
35Ie5tjd8SQ4JqLYfEratg,
_2HKel46y9Kp5apaan5vFg,
aOciK-JVFJSR0YY4PJIqvg,
2wA7LWsM7FJO25IPLDGngg,"
                

    Elite 2018

                

    ’17

        "
3z6NvbEbehSmfu94tV-z-A,
EXXdXcxflkg9moppilHoCA,"
                

    Elite 2010

                

    ’09

        "
qXRdm8sHG5tiHdeRfqGyhw,
K_yjinZC4uPSaJwN2GGbCQ,
TZ1NNJeGd6CQksIDmlgpNg,"
                

    Elite 2010

        "
6VXvYWHAx-93MkEfgFH4GQ,
a83sf0FX-ZO6cV7QSYSlZA,
lCB2P0vuS1M7rdhRSI2Cyw,"
                

    Elite 2020

                

    ’19

                

    ’18

                

    ’17

                

    ’16

                

    ’15

                

    ’14

                

    ’13

                

    ’12

                

    ’11

                
                    
    
        
    

                    
                        3 more years as an Elite
                    
                
        "
Mfbc4P0cU1M95ZSGSeKnCA,
7kQa-CO8reE5jZirvN3zLQ,
uoXZ49K3gT4v5D5SO6F_3A,
eIx_Fni_64Ai1HYwgenjTw,
xZDovqMdVGNOmjKK83VbUw,
GYutlm3WoyWozve1T1_DWA,"
                

    Elite 2013

                

    ’12

        "
omYTOVB-NEYOaWPOQcBNYw,"
                

    Elite 2018

                

    ’17

                

    ’16

                

    ’15

        "
eFsDRL3i_jLntEHCabgBCQ,
Q5jZo3AqenIKzZmFwJk4lQ,
uOIaBdtM_uNHDNWW51fTgg,
68GMJd0dfq0WAh1HlRomCg,
9UcbfFJYSAOe7YetfSXEHg,
Qorn_17x5rtOj1CaqXS4FA,
fl-DY7d75LAY5IxvByaSbA,
dp9DXeFzzD_u_8SA70Hr5A,"
                

    Elite 2015

                

    ’14

        "
mZgrKXEr2BOyDFLZxZ3I5g,
pcUtkdHPQMbpxfk2xAqejg,
NPOcXJzSNY0jbr-V5WLzbw,
0v9Jv3GZu1pNk8MF8oDW2w,
gHwcdRnaCjFMPkR_hYK5sA,"
                

    Elite 2020

                

    ’16

                

    ’15

        "
tlWur9j2k5gpmuY91D5t6Q,"
                

    Elite 2020

                

    ’19

                

    ’18

                

    ’17

                

    ’16

                

    ’15

        "
l9-JZxb_lk0103-sMcoXoA,"
                

    Elite 2020

                

    ’19

                

    ’18

                

    ’17

                

    ’16

                

    ’15

                

    ’14

                

    ’13

                

    ’12

        "
I6bmF5reohuwlJZYXUa-mA,
KJ87Msot6SV617-30SyKOw,
s5r3lG-MehdOKKq9nBGJLw,
en2dBobiMf5RRygOGpWArw,
__qnHo9uU1DB56Ovzbjp9w,
5J0hI77C91BXaX2nEW4EPg,
_7KUPD8SPpCiEmhgh1jlrA,
TdLCm4m3UE3mnPy4uhTRPw,"
                

    Elite 2020

                

    ’19

                

    ’18

        "
YORgSEH8xs4VxOdLnGRkIA,"
                

    Elite 2020

                

    ’19

                

    ’18

                

    ’17

                

    ’16

        "
CEDeRkNcNbnZoHFtknWCDA,
T2qwK2vzS4YxJZrbjbTJuw,"
                

    Elite 2012

                

    ’11

                

    ’10

        "
OQM4_n_VqnDfB3KwXnNvhA,
9EnG9Sz2evlssRVFCWPJgQ,
6jQIcIkPbztzZ3rq0NNclg,"
                

    Elite 2015

                

    ’14

        "
nxhQEWMvvUiBsCnnUuo4aQ,
d6EfFj2jofD31Msfq3OEwg,
qHPbZbb-lApW7izh6ZHEjQ,"
                

    Elite 2020

                

    ’19

                

    ’17

                

    ’16

                

    ’15

                

    ’14

                

    ’13

        "
iekTsqiljxuZVHlpx9A-jQ,
haiCwRSSHx2U_oifTJFuYA,"
                

    Elite 2017

                

    ’16

                

    ’15

        "
IhX1gz8ih7-PC53F--Z0FA,
PAX3VLJIQrYh_i84yY5d9g,
x6exB5R70coQB0T-HvqtUg,"
                

    Elite 2020

                

    ’19

                

    ’18

                

    ’17

        "
Tl1j8FIZTlcF_mONUHP5RQ,
vBhPIrGrtAMT2sAL3v9CCA,"
                

    Elite 2020

                

    ’19

                

    ’18

        "
rGXlucP1Lo381AwnsrE_uQ,
V5-jX5LheSctLfa6_cABcg,
nmI6LoOi0zvHaH7rwISRCw,"
                

    Elite 2019

                

    ’18

                

    ’17

                

    ’16

                

    ’15

        "
6S_eY5L_u1q1Ea_34_jQxQ,"
                

    Elite 2020

                

    ’19

                

    ’18

                

    ’17

                

    ’16

                

    ’15

                

    ’14

        "
NwFkXVuLdtkWF1cmGbvScw,"
                

    Elite 2012

        "
ZXpI95HYa7zJkQAfu0_Nug,
xa9Km41eeNjGZS3ZBt1E_g,
0xZ9qKUrlCxtiq75tX-IcQ,
eWvtQtIx0UzV6PPPLkPdwQ,
PGOHKWt3_oLuFLvx_0M70A,
3ZtI5EB3ce9mAByNl3QJ5g,"
                

    Elite 2013

                

    ’12

        "
oDyEexUT09e3XhxIp0-Wxg,"
                

    Elite 2014

                

    ’13

                

    ’12

        "
Fqon66EOnTZWswmAOjMjaQ,
HAv4iHgSyMS4HKwl5hb98w,"
                

    Elite 2012

                

    ’11

                

    ’10

        "
3kkLw2wshoH5HJiDGKpFug,
74PkaJqrbHqIDqUcYG7dGA,
N4Xad--A1ROa4nNQ2mHu-g,
V8oCtUzsdHA_Z9QpGaHCBg,"
                

    Elite 2020

                

    ’19

                

    ’18

                

    ’17

                

    ’16

                

    ’15

        "
lv8VhfYvNpDuHYsFMTf_Tw,
pU8udtjld_ZGCue5bx_Zsw,
Ew2y3jL11uooMQxSwwL6tw,"
                

    Elite 2015

        "
SqSGqbSic5DLltSw9W0vdg,"
                

    Elite 2017

                

    ’16

        "
V0P1rv_xeptSW25JqevuSA,
wjHBq5ct8aHYh0dZv86fjQ,
UTMq5BYggONbHBj7QczbjQ,
wLuc66bIM1HMU5zGZPdUQg,
Vw-2QsrVJbxV6JryaxR7_Q,"
                

    Elite 2016

        "
7WeVCWRKFezxeUtEXFY0Sw,
S9zvJ_S8ZNYgcOObb6m2SQ,
R1reG7vADOsjbw388rH88Q,"
                

    Elite 2018

                

    ’17

        "
cEhFB7pwx4TiYCzFBjfO9w,
09eid5gxSXGxIi74lT3kvw,
ynRkJSonX8Unc5-uk3cw1w,"
                

    Elite 2020

                

    ’19

                

    ’18

                

    ’17

                

    ’16

                

    ’15

                

    ’14

                

    ’13

                

    ’12

                

    ’11

                
                    
    
        
    

                    
                        3 more years as an Elite
                    
                
        "
d0yPidFLXxYInBxZ9adZ2g,"
                

    Elite 2020

                

    ’19

                

    ’18

                

    ’17

                

    ’16

                

    ’15

                

    ’14

                

    ’13

                

    ’12

                

    ’11

                
                    
    
        
    

                    
                        2 more years as an Elite
                    
                
        "
6t8iU_4COiTrCSi3aY_Vyg,
cSe16rgrELOAui8hmtvpWg,
7DPxcI4iKTbI9cvMmuuj5Q,
Yx-hGOItB8WQgIrmEFujuQ,"
                

    Elite 2017

                

    ’16

                

    ’15

        "
A6uDrio59vNNdSu9W3giNA,
QegBjsfprOviDRcMIbkqqw,
0S-tX_rmrIQz39E1bUPA0A,"
                

    Elite 2020

                

    ’19

                

    ’18

                

    ’17

                

    ’16

                

    ’15

                

    ’14

        "
b3dc870WPXagsJLW9zlsgw,
ewtL3plKywXuLtmFZoUczw,"
                

    Elite 2018

                

    ’17

        "
K-QYA4ZVBXc-doB2h7MXzw,
lekHAm76f4jlCTuQUl6CTA,
9cG2j8cT98KTtfMAT5mt6Q,
re5t5NFsdmPMEbXmFQk3Zg,
nNTpsrIicthFX0zt3bm1tg,
JE1x4OOstyjkMqP9bHYd0w,
dL90BQ0N31Wu-Gyaua250A,
XiV_lwzF2iN2lcSHv1OULA,"
                

    Elite 2015

                

    ’14

                

    ’13

        "
B-FEkj73fUdEKJhXz3bGxA,
SBkJiNwduCBcziwcoG-yFg,
IheqfJTYyW-q-NTurqsHqg,
JJrVdZJgIWk07lhLtxOJJQ,
EX0-svXSfdwDyWCDuH-2yA,
CjtdvG2e3gJqSmQJqxJtag,
8j-vo9r_HkfCBmUJxBfVyQ,
PkGyUoDiDAyP901CecQT_A,
D67esXuy29XCXZlLjz4y6g,"
                

    Elite 2019

                

    ’18

        "
_ykg4Fp8j_tU83q2tYC2FQ,"
                

    Elite 2019

                

    ’18

                

    ’17

                

    ’16

                

    ’15

                

    ’14

        "
iOwWMt5YO8B0QbpTEufvLQ,
_P8CJTyxQC_BG_9fY-W4jQ,
uSnYv06GZgV5xQ9-WNY0mQ,
dL1qnksdX2LW4DbNI9XNoA,"
                

    Elite 2016

                

    ’15

        "
kwS_MjOUs1Jd_4X7B5t2yQ,"
                

    Elite 2020

                

    ’19

                

    ’18

                

    ’17

                

    ’16

        "
PlkcpVx74F5bcjTznVoTEg,"
                

    Elite 2020

                

    ’19

                

    ’18

                

    ’17

        "
HuabpzcQf0Hh9W1JUbLrig,
3fomUsXlB9yJLfi_sDhDQg,"
                

    Elite 2014

                

    ’13

                

    ’12

                

    ’11

                

    ’10

                

    ’09

                

    ’08

                

    ’07

        "
7sINoM0DBcHfAhH2qXz5Kg,
gM48Zp5QA1JYunSN5WVtqQ,
0kNHI6bnb4J7pNPerbFtqw,"
                

    Elite 2020

                

    ’19

                

    ’18

        "
1UuEEl4qNvq8EBE9V-uccQ,
0Lb8aMAhko6r_yBNhO5Nvw,
SUWk5EdUTAjTetDXRi69wg,
mnc2mcLdiWK5l3aWZWLvfA,
UsFVS6lLh2Jx7ZMI5Ir1PQ,"
                

    Elite 2014

                

    ’13

        "
m6PXFK6LlmS6ZLaZN2Lz5Q,
GE1jkFIZE92kvgRh3qtJ7A,
8Cqmm-CxWhlx5h1npN5K2g,
EFF-fc6mZ46bmVZuVs9HWQ,
wxjY7zgCR3McT1Z9M2JGfA,
yOADvvEUHheLZs1BSoxTDw,"
                

    Elite 2019

                

    ’18

                

    ’17

                

    ’16

                

    ’15

                

    ’14

                

    ’12

                

    ’11

        "
MXvMZE8fRY8XRHO_xJkLQA,
nrdrCqJd7qW4n4CFm7bFXg,
z66KKknqWzFBWZb0GbEi2g,"
                

    Elite 2020

                

    ’19

                

    ’18

                

    ’17

                

    ’16

                

    ’15

        "
-ZZ_WUx9fGAati2LwGvh8g,
8TYO6ohtXQquFYip8OkBOw,
x6cXE0_RjuhSfVOx9KdNrw,
pzcsv281pQBVNYqLi4q6xw,
WJjUk1-gib1AD4u-q2VNYA,"
                

    Elite 2020

                

    ’19

                

    ’18

                

    ’17

        "
6lsiZm7rLBi8kuC2dvNoVA,
AxhlBQGNWEEAePL2t3oNvw,
aOxBij1mSwO2Jbq6moUZsw,
fVrsB7c42t-ozqCXseFVOw,
LAsOaowycjpyCenm1IUi_g,"
                

    Elite 2016

                

    ’15

                

    ’14

                

    ’13

                

    ’12

                

    ’11

                

    ’10

                

    ’09

        "
4uxezS1tRbdVCnv-zrdhnw,
WA1WwBRh1h63JDA2SeMsIQ,
wFer5Uc1qtaloNRs0qVCbw,
-YZ0dy8hgk0tLGfWecAPaQ,
rLlPUZsd8H8E3Fa4abZfMQ,"
                

    Elite 2020

                

    ’19

                

    ’18

        "
A2FtyOdFsMsLEdxV-zT9og,
3x_SEZwh1pYshafgS4SCcA,
QSWJtxLoVriPLjVyP1Qt3Q,"
                

    Elite 2017

                

    ’16

                

    ’15

                

    ’14

        "
0imBxzOZHCdpRg3hILZfIA,"
                

    Elite 2020

                

    ’19

                

    ’18

                

    ’17

                

    ’16

                

    ’15

        "
8W8LDl9XHwpNE4Izsx3TpQ,
MZiGX_3UUVDbBKQWkGGe5w,"
                

    Elite 2019

        "
u6WOVeQaV-Psk2lO_5sVMA,"
                

    Elite 2017

                

    ’16

                

    ’15

        "
f_oy2OJZXBNy5VxbuofDpg,
ngknUQDuttoPhaNNz-anpg,
l680vffdpqZ_1kSaEYjAwg,"
                

    Elite 2016

        "
zV4SB8GGlU_eXcBniXl6BQ,"
                

    Elite 2014

                

    ’13

                

    ’12

                

    ’11

                

    ’10

        "
Td9XjsfXu_h48EADhUppDQ,
AppD_o5yTDOWtVedlcnqIA,
crxhOesQjRjlPr9tuqralA,
_370yyJlPEsr27KoNMiGtA,"
                

    Elite 2020

                

    ’19

                

    ’18

                

    ’16

        "
ZohNj4eKoq-6d7DvWNVWbA,"
                

    Elite 2014

                

    ’13

                

    ’11

                

    ’10

        "
rVrVGLEMUMQLoF3vPAahrg,
pBRLEOeYcW4NFhR49KA06A,"
                

    Elite 2020

                

    ’19

                

    ’18

                

    ’17

                

    ’16

                

    ’15

        "
tk7N83nawzr5uDwaejyL5g,
whINg-cC-FiAv_ATDGMDTg,
Jk7sjPeIFcaGO3IJOOQ1Pg,"
                

    Elite 2014

                

    ’13

                

    ’12

                

    ’11

        "
Ohl5mUPenm362If7RAalmA,
xu5HQS5FHtlEse76XhH-DQ,"
                

    Elite 2019

                

    ’18

                

    ’17

        "
7_sstuW8KQ10n9nm6QmzJg,
Z146DMjYlRbBNB0xRELJXA,"
                

    Elite 2018

                

    ’17

        "
3J-IPCYGfB00QgnVpm1xng,
nQ-RWqEa-RCrUxC1HVKoGA,"
                

    Elite 2013

        "
0ofHUeY8htsXXI_mjbXgqw,
w7RXCbjBVKPOH26qtaDf7A,
jOd8nrsgnRrh-gNKgz_zuw,
6OqQFS9AhNQMvdS2ZnEhWQ,
volKoIOgxaVbKP5zZLdb_g,
_CqYY9TiWWDQQrjk2-qxMw,
1BjI1-O1gxSt8TRO0yD8Gg,"
                

    Elite 2014

                

    ’13

                

    ’12

                

    ’11

        "
-TQqPwpK5XzzTq9Q4tF-eA,
f1OS508EEZlS4RPprk6yhQ,
3LC2sKfvz_nWuJquUDsNnw,"
                

    Elite 2020

                

    ’19

                

    ’18

                

    ’17

                

    ’16

                

    ’15

                

    ’14

                

    ’13

                

    ’12

                

    ’11

                
                    
    
        
    

                    
                        3 more years as an Elite
                    
                
        "
nrDeMswf5ODnm2qSyDX4vA,
9BkiU2-I4NZ5_fyztzJL8A,
dQqzuQvPofK4fzZe-2uPBQ,
B393RKS1yuQdkiynXKa1iQ,"
                

    Elite 2016

                

    ’15

                

    ’14

                

    ’13

                

    ’12

                

    ’11

                

    ’10

        "
NTvf-NYNNSIxfwHJyxWP5Q,"
                

    Elite 2013

                

    ’12

                

    ’11

                

    ’10

                

    ’09

        "
Ndc7zlrp_vY-MTkF3QChwg,"
                

    Elite 2020

                

    ’19

                

    ’18

                

    ’17

                

    ’16

                

    ’15

                

    ’14

                

    ’13

                

    ’12

                

    ’11

                
                    
    
        
    

                    
                        3 more years as an Elite
                    
                
        "
UBUV0ElEvm8kgxZvcdDo2Q,"
                

    Elite 2018

                

    ’17

                

    ’16

                

    ’15

                

    ’14

        "
ChS8cPX5YyTE_qVgXXMn5Q,"
                

    Elite 2020

                

    ’19

                

    ’18

                

    ’17

                

    ’16

                

    ’15

        "
O9a2Dm0-xBK2vyeqhjgxVw,"
                

    Elite 2016

                

    ’15

        "
-z2Py_seyiloW9Wfhy49zg,
h-ajC_UHD0QAyAzySN6g2A,"
                

    Elite 2012

                

    ’11

                

    ’10

        "
0wyuZ1f0qUEmUXFZFas1fg,
iCPyIf7M07-fOS-rXUCKzA,"
                

    Elite 2018

                

    ’17

                

    ’16

                

    ’15

                

    ’14

        "
ZTu0dbYOGkg4aI0vG7HOvQ,"
                

    Elite 2019

                

    ’18

        "
xRBlD49ojkbvoudG9vuqdw,"
                

    Elite 2020

                

    ’19

                

    ’18

                

    ’17

        "
pDFp4N1boipckHg-KGIGdg,
sJX-ZcPQbXF8NgPzI-cutQ,"
                

    Elite 2017

                

    ’16

                

    ’15

                

    ’14

                

    ’13

                

    ’12

                

    ’11

                

    ’10

                

    ’09

                

    ’08

        "
WrdK9Q38zxld6ee3v85d5A,
LbHu7_llXsIxsect6bAR2g,
ym6aRnjhiHMdsPnlcckMBQ,
QTHUmFI9QxBetpeH0441Ig,
pIGc6ZlrQ8kMXeKioILrvQ,"
                

    Elite 2019

                

    ’18

                

    ’17

        "
j2B1AAuvItiCTXeiUubrsA,
oBCXj9iMrnjJhjOACIMNDQ,
x7zoxuIXfaPNDl_CJOBlpA,"
                

    Elite 2018

                

    ’17

                

    ’16

                

    ’15

                

    ’14

                

    ’13

                

    ’12

        "
XHW2A8nO38lqUlYSofz5Hg,
TyepNPbEnMCy1_IhsT0YAg,"
                

    Elite 2015

                

    ’14

                

    ’13

                

    ’12

                

    ’11

                

    ’10

        "
HivZSpjGvESZAf3WqDkzzQ,
UjOXfjW3kjQjElhEc5C7_Q,
PUD4p2NZUchenw7QeOYhIw,
NYFMrZiux4eHxheNu7F6sw,
iEJtmiVhV7KA1r8XhMWuxA,
QLmkmQLxNh-6HAraZMv-Lw,
hdWEQnkzRhln0ab5bZhlIw,
gse5Y1nLjTQV2nWdynrkmA,
xEQ20W2KZlAXod5qHhkG9g,"
                

    Elite 2013

                

    ’12

                

    ’11

        "
A5BA-5SQbiAW7lSSW0sZ1A,
yC3Waz1X7KKST7hemdYmgw,"
                

    Elite 2019

                

    ’18

                

    ’17

                

    ’16

                

    ’15

        "
85mlGf0D7ZgGETX4N5vlBw,
MmXMwef5g5HgyU13dIOXKg,
kLQmqXOB3-71jR6STtVZ2A,"
                

    Elite 2010

        "
ui5P9MG2sp36nVVbTfECrg,"
                

    Elite 2020

                

    ’19

                

    ’18

                

    ’17

                

    ’16

                

    ’15

                

    ’14

                

    ’13

                

    ’12

                

    ’11

                
                    
    
        
    

                    
                        4 more years as an Elite
                    
                
        "
fp2KiLfoIO9OIUV2KHkgEA,
fZP8Vps3KvvDIO38MNZqUw,"
                

    Elite 2020

                

    ’19

                

    ’18

                

    ’17

        "
PSlLYx-FJuGTLHjDghG2mg,
rScnjNVEO5baLJ9ZQnp8ng,
SnW3DwEKu_LWeuYnS1AMaw,
_zWKgH02Mtf54sotT82Flg,
5QWtZdJlAxO_Ye4t6YB1jQ,"
                

    Elite 2020

                

    ’19

                

    ’18

                

    ’17

                

    ’16

                

    ’15

                

    ’14

                

    ’13

                

    ’12

        "
RYa1fWYn7B_bz_HGNXlvsQ,"
                

    Elite 2019

                

    ’18

        "
lEeUiGiSxoxT7bBHLRpQcg,
2AGF9gcckEtjAardNZOjcA,
M-CoiHVChXrRVRDFnV68zw,"
                

    Elite 2017

                

    ’16

        "
wdJKGY0xI5jpFrEL4Gm2fQ,"
                

    Elite 2019

                

    ’18

                

    ’17

                

    ’16

        "
PpCIPMBc2jH9FJY0nQxF0g,
Up5reJmuM7a4lMz46KhngA,
OPtv-lFAgcddoUuHCcTHUQ,"
                

    Elite 2016

                

    ’15

                

    ’14

                

    ’13

                

    ’12

        "
VKemJ_da8pZwtPsNW8SwZQ,
5ArMzPUBncPqDrB7PmZBCg,"
                

    Elite 2020

                

    ’19

        "
mB87wyzIrMKAxwQQM45QqA,
dFen4ej-XqElsEBcD6SQqA,
4guhHcnzrximsz-DeEvskg,"
                

    Elite 2018

                

    ’17

                

    ’16

        "
ZzRuGzM6UQUnijb4OQV48w,
SjBA4EO2s9oDzqf7zTnZ4g,"
                

    Elite 2018

                

    ’17

        "
HTDt_yctTl4jAbXJFK93Jw,
HLhaSc8jc-s_nhQn0xOmdQ,
_44pbkI50bqeGZtMDq7nug,"
                

    Elite 2020

                

    ’19

        "
QXR5PpLjxj_n22PKlORLDA,
50FUxmk5nAQS59F8IavIwQ,
dVJBtRkxFU67Vu0Ky-Vpww,"
                

    Elite 2019

                

    ’18

                

    ’17

                

    ’16

                

    ’15

                

    ’14

                

    ’13

                

    ’12

                

    ’11

        "
EqGgsNyLjFuM9d-CuLuaTA,
x3azRbv5vtqywPaGmSkVdg,
6J9VxkOAXbqGgmFDsYlCkA,
z4aNM6c5nWcThpnvC2y3QQ,
maA1KDRhNt-uRxZvkbnjaw,
XNqIs9x4VDWt-yKfcOmJ-A,
Nq6e5N8bjgD9B46O4va_zA,"
                

    Elite 2020

                

    ’19

                

    ’18

                

    ’17

                

    ’16

        "
itNFkUOoyVIethvODAN2mQ,
aOU1KQATwZA0vgStRYYARw,
ibvH1Y7Rh_tstiWgH0OFTA,"
                

    Elite 2020

                

    ’19

                

    ’18

                

    ’17

                

    ’16

                

    ’15

                

    ’14

                

    ’13

                

    ’12

                

    ’11

                
                    
    
        
    

                    
                        3 more years as an Elite
                    
                
        "
tC1INFVghe6Bb6fbIeGmbg,"
                

    Elite 2020

                

    ’19

                

    ’18

                

    ’17

                

    ’16

                

    ’15

        "
jWV1lYxlz-xWP-hKIlKDYg,
9lUFj89ugXzrBStf72VccQ,
b7BHeTARTQwtJ7fjWspoQw,
-clNdplEsqO7EatBL43P9Q,
KHflNCUfCRlmN86Q44sh0A,
JTatNDUZqC6ybdvY95dc7A,"
                

    Elite 2019

                

    ’18

        "
E6yh-Ache6_jYtSyhDADWw,
1R6D0HVeg--AXRwbW3wo_A,
QYb3LJ2mGQugwdbtT1QKJw,
Acv0JAT1PLEiGELGECREHQ,
9V4Qq7yG1K-g71etiYggEA,"
                

    Elite 2012

                

    ’10

        "
UYfD3v8g5pxMifbaDiCrQg,
bpwmO57dYcq7HzIpAcjpUA,"
                

    Elite 2016

                

    ’15

        "
JmrZp13UyBro1SiS30Q45Q,"
                

    Elite 2018

                

    ’17

                

    ’16

                

    ’15

                

    ’14

                

    ’13

                

    ’12

                

    ’11

                

    ’10

                

    ’09

        "
PeJKpUjz7aPRyBgKkQyTDg,"
                

    Elite 2015

                

    ’14

                

    ’13

                

    ’12

                

    ’11

                

    ’10

        "
cRaFF54TycJ_ydFJR3Qreg,
eehvRZ4Jw34FPDqMH3GE7Q,
QPYlPpjn3tE0FCDuurzd6w,"
                

    Elite 2016

                

    ’15

        "
8P9m1OnfJYDvyd1t4Yw7Hw,
ty3mzywPUHHQCKMmdat1NQ,
4nai1I2R5NOYsBzuIQZ1Yw,"
                

    Elite 2019

                

    ’18

        "
AmrbX33jbCaKKDQfBcKj4A,
Q6hWFZcZRoqlPbCGaPiIfA,
bLFy2ZmXzDe6M-YFNZINbQ,
DYgzC0BRatB28SlCL3YYcw,
MweOL3a8mhkCCkD8Fh1yLA,
u6LJK8nExHjYpFVcne0mpA,"
                

    Elite 2015

                

    ’14

                

    ’13

                

    ’12

                

    ’11

        "
Qsqal5zljlojn38bxNok1Q,
4zfVVhUYBmi_5JD4CDaj0A,"
                

    Elite 2018

                

    ’17

        "
gWAmcWL-bIYe5cB55zT-9w,
vOG9YFFFn_OMyItk4WEebw,"
                

    Elite 2020

                

    ’19

                

    ’18

                

    ’17

                

    ’16

                

    ’15

                

    ’14

                

    ’13

                

    ’12

                

    ’11

                
                    
    
        
    

                    
                        1 more year as an Elite
                    
                
        "
9mi0TcFGrtJXnLEeU7MdxA,
MOv82J4CVo8tUdJWWsKivA,
ZXKarfuYXgDGBSE46R5xYA,"
                

    Elite 2020

                

    ’19

        "
oVLcVeZFLeqFeoJ0DpbIEQ,"
                

    Elite 2012

                

    ’11

        "
_saHQ6raeu-MCwDyu1sdHA,
q50hpKTrLoVUaABRgzqBwg,
G5qQ5B9IPsOjaC9ED3lrjQ,"
                

    Elite 2018

                

    ’17

                

    ’16

                

    ’15

        "
4arRGEGcg5vIAFCg7kbOgQ,"
                

    Elite 2012

        "
Xjcd3TKbEmi3k4rrYBjeYQ,
EE-PWo59T3QpnXbAdqBT_w,
KTgCN7nb-Dmnyma9quy4mw,"
                

    Elite 2015

                

    ’14

        "
06xIElWq6CAvmtk1xHJWNA,"
                

    Elite 2006

        "
dFi6Zf5T7SaKqQw4aLCCgQ,
s8ab3EbZpkXUj0meSHIyPA,
Y-MZ52J82c0culy39QM_VQ,
uB4ULzf8rL4MZyZdghyFIw,
Tn3jmze1AUhMdu352kfkRg,"
                

    Elite 2019

                

    ’18

                

    ’17

        "
m63SiTom5meYgkZ_SVfFKQ,
W-Kynl1BwZzE8_MPDuf1fQ,
-Yz2wIcsdJxUOFMbTgoKQA,
Mjk9Wckz8-eayxK2akuHrQ,
mwSDiBXRCWX3AEsMhUp0Eg,
dk5yqirSwDH7Cpp52NdhUA,"
                

    Elite 2018

                

    ’17

                

    ’16

                

    ’15

                

    ’14

                

    ’13

                

    ’12

                

    ’11

                

    ’10

        "
EMZFaRIqAzSftAYXgdLqkg,
-Xj9sRGorIWlo7GDWhUQew,
RUn2C1UgxiY1enPzYG5OyQ,"
                

    Elite 2019

                

    ’18

                

    ’17

                

    ’16

                

    ’15

                

    ’14

                

    ’13

                

    ’12

        "
PS8j7C-9Spi4J9ZHuZF60A,
Bb4DGDG3bE5JGXOLZCakbA,
MkopD3AAhkddYGO3UswEwA,
5dBKAgQE7F7CF-N6qRDkEQ,"
                

    Elite 2017

                

    ’16

                

    ’15

                

    ’14

                

    ’13

                

    ’12

        "
BmPThZWW7iL1rlSSR014mQ,
Yqzz7VfXMPWlDXB2W_TwBA,
2mWt_75CWD3R4koLrjAxww,
waadolhBnW9k2YexoLruLg,
L5MYzBn5ROOh4OburZeCbg,
ARt17aUQI4W8psxleCyFwg,
bcalCCwEIM3FVhx7amRawQ,"
                

    Elite 2020

                

    ’19

                

    ’18

                

    ’17

                

    ’16

        "
BMEF_AJXr3D6WS3DQ_ioNA,
2xZ1mHP14as5RJ1KOrVU4A,"
                

    Elite 2020

                

    ’19

                

    ’18

                

    ’16

                

    ’15

                

    ’14

                

    ’13

        "
a6IdNcQSOIm2VcY4BA12eQ,
_GCtk6kjbArSxiPPLlAfMA,"
                

    Elite 2019

                

    ’18

                

    ’17

        "
54nCJn8-LNm_ChZJmjHsuQ,
J_-69KRB_HcMC5jCC1jLxg,
XBtnvZJcPpeY1zbOxrUx6w,
Acz7Ox-yw7GSnhbKOEXdqA,"
                

    Elite 2020

                

    ’19

                

    ’18

        "
sw-vrx-GT5fMXm77gjck7w,"
                

    Elite 2012

                

    ’11

                

    ’10

                

    ’09

                

    ’08

        "
z2X6UcBt8oCcWF1l1LGY1Q,
vpg9ow26d0ssQ9fc5l2Log,
IR1qFd2iR6rcGQ2dhK-gCw,
vDKJJVVwV-cuFz69jYEB1Q,"
                

    Elite 2018

                

    ’17

                

    ’16

        "
jqcEnmJFYR6wiy0uOXh68w,
0rW8P_p9pmbq38D4B8z6_Q,
Nx-lCuQUgi3FINn1pOj9uw,
FOin6koZUJskPWdwUHa92A,
Yy2-vLay3gkSTOm3WAjMZg,
IVA36GX4GmbvLPDoAwM3mg,
dOtx0WaYK95xdCMalSWwCw,"
                

    Elite 2020

                

    ’19

                

    ’18

                

    ’17

                

    ’16

        "
8_DDG6ocpqiJRkUKQr9Ugw,
vpSruwUEfZw_TyaTDHEFDA,"
                

    Elite 2011

                

    ’10

        "
67pzWhuY3aTaOi19FWwXjw,
vGnZQwOsUmITYkG-B3hrpg,
2FVLBqYkDQTIsY4banmomg,
JiPMk9WmbJu-VfTRAKpZpw,"
                

    Elite 2020

                

    ’19

                

    ’18

                

    ’17

                

    ’16

                

    ’15

                

    ’14

                

    ’13

                

    ’12

        "
gSO_NFz9zJaddMbldkfOfw,"
                

    Elite 2019

                

    ’18

                

    ’17

                

    ’16

                

    ’15

                

    ’14

        "
2LKCaVhoFqX1zNcxBO3UXQ,"
                

    Elite 2017

                

    ’16

        "
G0EzHgjIoNoIdjhCm5C_gw,
urSivzAxrHw3tlGPXTwDEg,
MEakTTZzy6-CN8vq0wk5jQ,
DIVCwTUoJ9AHuk4EBn_r7w,
sThIuQa4EE8WocfxVFWMlA,
Rh6OqKamXd7klNQPwQ6u4Q,
XYV8Q1JstT7-QW0W6uMm5A,"
                

    Elite 2020

                

    ’19

                

    ’18

                

    ’17

        "
1vLIyp-SvOg4w_ToH8XSUg,
zOqYEUtyHxvmwY_fWy1VYQ,
MZVZVw7wu2i5s2JXGDOIAw,
FMHB8by3FIeMkdpB08PWGQ,
FuM93w5IqoGt_t-2UADX9w,
MtdSCXtmrSxj_uZOJ5ZycQ,"
                

    Elite 2017

        "
1Wgu5eXjc0mgmvLrx5zGfg,
8-8JHcQpX4BXzXnN8dXOUQ,
VJicqkpIWZ_bK7nvjnFyvQ,
EaLLOu4B0PstMUOPLRp6zA,
icvGeJBQyNdxEHGtAFy3bQ,"
                

    Elite 2020

                

    ’19

                

    ’18

                

    ’17

        "
frb-PyuMuXaFklFQeJ5XUg,
k2ap_dScTIr0n1D6RqVOFA,"
                

    Elite 2017

                

    ’16

        "
pZ4Co7mZ4h6ghEFP2Vs5RA,
OmbtbeQC8biDeLv5O88_vw,
wy2OEVnCe7gVTgUk3SBV-A,
w2xk1bTBRz7mbusDqz-HdA,"
                

    Elite 2019

                

    ’18

                

    ’17

                

    ’16

        "
hjYXMFCNCS6blFPn7OXjQg,
4C_pVDtdbEUJlZsCijxIZg,
YB_HGCHMF44wJTGIYDIEoA,
wt5lSN_WOH27d98bVMTG5Q,
HFWckxypPmpvmWMURRo1rA,"
                

    Elite 2020

                

    ’19

                

    ’18

                

    ’17

                

    ’16

        "
qmuoylhKXqMPk9_McrPpNw,
ewBlmXacq8CH_4lZgIMI7Q,
